{"type":"FeatureCollection","features":[{"type":"Feature","properties":{"id":"36th-street-strip","name":"36th Street Strip","source":"city_of_miami"},"geometry":{"type":"Polygon","coordinates":[[[-80.2403120370555,25.8095104506099],[-80.2402664417601,25.8086174126477],[-80.2566339319811,25.8081261539578],[-80.256585777047,25.806680263295],[-80.2577784488685,25.806672602154],[-80.258675059018,25.8072592535348],[-80.2588300112716,25.8076968156017],[-80.2588704499384,25.8089218735392],[-80.2403120370555,25.8095104506099]]]}},{"type":"Feature","properties":{"id":"79th-street","name":"79th Street","source":"city_of_miami"},"geometry":{"type":"Polygon","coordinates":[[[-80.1970517921594,25.8496323716915],[-80.1888495281836,25.8498942365548],[-80.1887778795928,25.8476668537777],[-80.2077178559158,25.8470610836628],[-80.2077632759465,25.8475455561626],[-80.1969602928797,25.8478734569305],[-80.1970517921594,25.8496323716915]]]}},{"type":"Feature","properties":{"id":"allapattah-industrial-district","name":"Allapattah Industrial District","source":"city_of_miami"},"geometry":{"type":"Polygon","coordinates":[[[-80.2112728516369,25.7990893236865],[-80.2112738629159,25.7987643320184],[-80.2053452016322,25.798896787234],[-80.2052302665272,25.7952245515932],[-80.2398385059405,25.794167695999],[-80.239884486855,25.7979176328162],[-80.215331858058,25.7986270538219],[-80.2153471933056,25.7989521348274],[-80.2112728516369,25.7990893236865]]]}},{"type":"Feature","properties":{"id":"auburndale","name":"Auburndale","source":"city_of_miami"},"geometry":{"type":"Polygon","coordinates":[[[-80.2393818023112,25.7794130927367],[-80.2388467935454,25.765154836741],[-80.2552200939005,25.7645137120292],[-80.2554493968366,25.7698853102569],[-80.2546739115773,25.7699896726172],[-80.2546999482602,25.7714152529623],[-80.2541351657798,25.7714123576891],[-80.254152983603,25.7717823313835],[-80.2551136430506,25.7718001497051],[-80.2551158281856,25.7714501405633],[-80.255520509306,25.7714233235182],[-80.2557690375647,25.7787993562146],[-80.2393818023112,25.7794130927367]]]}},{"type":"Feature","properties":{"id":"bay-heights","name":"Bay Heights","source":"city_of_miami"},"geometry":{"type":"Polygon","coordinates":[[[-80.2115992663453,25.7465830240181],[-80.216845916462,25.7429560233927],[-80.2197437273484,25.7465507099379],[-80.2134680154251,25.7488283218688],[-80.2115992663453,25.7465830240181]]]}},{"type":"Feature","properties":{"id":"bayfront","name":"Bayfront","source":"city_of_miami"},"geometry":{"type":"Polygon","coordinates":[[[-80.1892079718453,25.7800848053383],[-80.1851463546561,25.7800641773285],[-80.1851335634333,25.7798237115138],[-80.1861504000629,25.7797717976333],[-80.1860991681159,25.7780115414843],[-80.1858416615507,25.7777291244014],[-80.1847106009594,25.7773508504598],[-80.1836330717385,25.7791696052849],[-80.18324512915,25.7787984102211],[-80.1849980959278,25.7753008526132],[-80.1849593428161,25.7716332413454],[-80.1873984322259,25.7706511692026],[-80.1871642246261,25.7726928730579],[-80.1877286617191,25.7762051340847],[-80.1892079718453,25.7800848053383]]]}},{"type":"Feature","properties":{"id":"baypoint","name":"Baypoint","source":"city_of_miami"},"geometry":{"type":"MultiPolygon","coordinates":[[[[-80.1782528187458,25.8222015674646],[-80.1784976764225,25.8214920912927],[-80.1839765071369,25.8213479104373],[-80.1846239203742,25.8209433229405],[-80.1849565163705,25.8194285456379],[-80.1830420127781,25.8165752067933],[-80.1832410623816,25.8159184255807],[-80.1852439604689,25.8143493995544],[-80.1852579854628,25.8140489003986],[-80.1901158329269,25.8138451131356],[-80.1883496860026,25.821773228733],[-80.1782528187458,25.8222015674646]]],[[[-80.1831412677817,25.8209932888041],[-80.1786547041654,25.8209827882679],[-80.1785766267306,25.8202931524773],[-80.1800476151718,25.8184047963588],[-80.1820350371612,25.816860663053],[-80.1827179857702,25.8169226260425],[-80.183991300151,25.8191899578549],[-80.183146871631,25.8201767064023],[-80.1831412677817,25.8209932888041]]]]}},{"type":"Feature","properties":{"id":"bayside","name":"Bayside","source":"city_of_miami"},"geometry":{"type":"Polygon","coordinates":[[[-80.1843494732332,25.8411640068151],[-80.1751042850307,25.841409787591],[-80.1745273684238,25.8413831235621],[-80.1770047917511,25.8396676674116],[-80.1772607504283,25.8399423527929],[-80.1784814902329,25.8392755450612],[-80.1811974719923,25.8391340589678],[-80.1812270600714,25.8369335527515],[-80.1841878833819,25.8368523698065],[-80.1843494732332,25.8411640068151]]]}},{"type":"Feature","properties":{"id":"belle-island","name":"Belle Island","source":"city_of_miami"},"geometry":{"type":"Polygon","coordinates":[[[-80.1783905047249,25.8463394293532],[-80.1732690425782,25.8441428809792],[-80.1731266903363,25.8438726185041],[-80.1738404146124,25.8421246389292],[-80.1751338416935,25.841887987805],[-80.1752499205946,25.8437550385171],[-80.1787840519417,25.8453499958312],[-80.179166107059,25.8460520098581],[-80.1783905047249,25.8463394293532]]]}},{"type":"Feature","properties":{"id":"belle-meade","name":"Belle Meade","source":"city_of_miami"},"geometry":{"type":"Polygon","coordinates":[[[-80.1843494732332,25.8411640068151],[-80.184497678548,25.8461812664864],[-80.1811499701812,25.8468884191749],[-80.1798702557863,25.8467560136746],[-80.1794851660433,25.8465204963037],[-80.1793649944006,25.8452366946592],[-80.1758952742915,25.8436421168663],[-80.1755778533068,25.8429404622975],[-80.1757143684039,25.8418328195239],[-80.1751042850307,25.841409787591],[-80.1843494732332,25.8411640068151]]]}},{"type":"Feature","properties":{"id":"belle-meade-west","name":"Belle Meade West","source":"city_of_miami"},"geometry":{"type":"Polygon","coordinates":[[[-80.1887778795928,25.8476668537777],[-80.187805661336,25.8476677815496],[-80.187035023762,25.8466190172629],[-80.1861693527552,25.8461302886376],[-80.184497678548,25.8461812664864],[-80.1842037562827,25.837280798273],[-80.1882438106039,25.8372382615825],[-80.1887778795928,25.8476668537777]]]}},{"type":"Feature","properties":{"id":"bicentennial-park","name":"Bicentennial Park","source":"city_of_miami"},"geometry":{"type":"Polygon","coordinates":[[[-80.1890251261091,25.7859134389371],[-80.1854266096696,25.7871369172222],[-80.185273211416,25.7830962993956],[-80.1889900176012,25.7830051237027],[-80.1889748114482,25.782615902692],[-80.188781985144,25.7822041966127],[-80.1852614155713,25.7823208840637],[-80.1851463546561,25.7800641773285],[-80.1892079718453,25.7800848053383],[-80.1896054572601,25.7819616849107],[-80.1896057826524,25.7848759972785],[-80.1890251261091,25.7859134389371]]]}},{"type":"Feature","properties":{"id":"bird-grove-east","name":"Bird Grove East","source":"city_of_miami"},"geometry":{"type":"Polygon","coordinates":[[[-80.2377791147994,25.7398873898241],[-80.2375040836503,25.7316394984442],[-80.2395954689656,25.7300307471676],[-80.2436391636706,25.7298621233336],[-80.2435620209035,25.7280738646977],[-80.2468429450511,25.7278900110456],[-80.2470490787513,25.7315696263637],[-80.2457438890829,25.7315943437921],[-80.2459885439706,25.7368656371213],[-80.2377791147994,25.7398873898241]]]}},{"type":"Feature","properties":{"id":"bird-grove-west","name":"Bird Grove West","source":"city_of_miami"},"geometry":{"type":"Polygon","coordinates":[[[-80.2459885439706,25.7368656371213],[-80.2457438890829,25.7315943437921],[-80.2537867434251,25.7313430083001],[-80.2537945442751,25.7309757427857],[-80.2558458744339,25.7309115238804],[-80.2558917942913,25.7311590359067],[-80.250795074177,25.735100345548],[-80.2459885439706,25.7368656371213]]]}},{"type":"Feature","properties":{"id":"biscayne-island","name":"Biscayne Island","source":"city_of_miami"},"geometry":{"type":"Polygon","coordinates":[[[-80.172251514565,25.7912840461514],[-80.1717042359615,25.7907994561519],[-80.1716350917879,25.7895976102119],[-80.1720497931227,25.7891786806085],[-80.1749033078824,25.7890623178391],[-80.174938745679,25.789924875786],[-80.1794679903149,25.7896629872173],[-80.1794581167642,25.7906282899462],[-80.1790505739968,25.7910036050599],[-80.172251514565,25.7912840461514]]]}},{"type":"Feature","properties":{"id":"biscayne-plaza","name":"Biscayne Plaza","source":"city_of_miami"},"geometry":{"type":"Polygon","coordinates":[[[-80.1888695413965,25.8497741518671],[-80.1883903697696,25.8525984049788],[-80.1878940617482,25.8515295122363],[-80.1847685180592,25.8515235171046],[-80.184497678548,25.8461812664864],[-80.1861693527552,25.8461302886376],[-80.187035023762,25.8466190172629],[-80.187805661336,25.8476677815496],[-80.1887778795928,25.8476668537777],[-80.1888695413965,25.8497741518671]]]}},{"type":"Feature","properties":{"id":"brentwood","name":"Brentwood","source":"city_of_miami"},"geometry":{"type":"Polygon","coordinates":[[[-80.1916497392396,25.8198318505166],[-80.1887789573589,25.8198658922282],[-80.1899697097856,25.8145754528906],[-80.1914515982518,25.8147099193687],[-80.1916497392396,25.8198318505166]]]}},{"type":"Feature","properties":{"id":"brickell-business-district","name":"Brickell Business District","source":"city_of_miami"},"geometry":{"type":"Polygon","coordinates":[[[-80.1900220436424,25.7695896056816],[-80.1885210741535,25.7697462370985],[-80.18792331967,25.7689531068445],[-80.1881887213955,25.766175085747],[-80.1884965852071,25.7656401263188],[-80.1895054504595,25.76576525757],[-80.1883008903331,25.7655145388794],[-80.188494733025,25.7637063794619],[-80.1888422787591,25.7637580987051],[-80.1889292390496,25.7632292147173],[-80.1885622372693,25.7631626000258],[-80.1888331602836,25.7597071824053],[-80.1893407851597,25.7598412122037],[-80.1889136274754,25.7582889887738],[-80.1894742833798,25.7572680233339],[-80.19065039712,25.7566611973034],[-80.1940916090076,25.7586235695762],[-80.1920471397953,25.7663790004788],[-80.1906893356609,25.7660971865626],[-80.1900220436424,25.7695896056816]]]}},{"type":"Feature","properties":{"id":"brickell-key","name":"Brickell Key","source":"city_of_miami"},"geometry":{"type":"Polygon","coordinates":[[[-80.1859713449581,25.7691065070494],[-80.1828540535007,25.7689041845666],[-80.1840604441032,25.7646967352835],[-80.1844917517687,25.7643295316591],[-80.1854273490365,25.7646975987797],[-80.1866223281323,25.7687477481211],[-80.1859713449581,25.7691065070494]]]}},{"type":"Feature","properties":{"id":"brickell-residential-district","name":"Brickell Residential District","source":"city_of_miami"},"geometry":{"type":"Polygon","coordinates":[[[-80.2038873096344,25.7503777861031],[-80.1928400538725,25.7579179760589],[-80.1906190380852,25.7566652356477],[-80.1913515891735,25.7560545614995],[-80.1916084488442,25.7563435854904],[-80.1944642273697,25.7549296794095],[-80.1949604247376,25.7545600507438],[-80.1946204522887,25.7541772863622],[-80.1975594339363,25.7522086143654],[-80.1979140028504,25.7526802681316],[-80.1983578872636,25.7522652011409],[-80.1979906748092,25.7518100722587],[-80.1984108467891,25.7514192920674],[-80.1987397211036,25.7518436866321],[-80.1991199175012,25.7513544115685],[-80.1988418858587,25.7510499795226],[-80.2010789775534,25.7489054962065],[-80.2018404140872,25.7486170862073],[-80.2019494162679,25.7481607924523],[-80.2038873096344,25.7503777861031]]]}},{"type":"Feature","properties":{"id":"brickell-village","name":"Brickell Village","source":"city_of_miami"},"geometry":{"type":"Polygon","coordinates":[[[-80.190047967067,25.7698273076153],[-80.1906893356609,25.7660971865626],[-80.1920471397953,25.7663790004788],[-80.1940916090076,25.7586235695762],[-80.1962197785616,25.7598288869179],[-80.1957959361895,25.7605051735217],[-80.195471999321,25.7622200271837],[-80.1956683436106,25.7687295847919],[-80.1925146072215,25.7701506224442],[-80.190047967067,25.7698273076153]]]}},{"type":"Feature","properties":{"id":"buena-vista-heights","name":"Buena Vista Heights","source":"city_of_miami"},"geometry":{"type":"Polygon","coordinates":[[[-80.1957998197099,25.8215266250602],[-80.1953582568712,25.8114097634555],[-80.1994629043536,25.8114630348981],[-80.1998751384515,25.8214160278086],[-80.1957998197099,25.8215266250602]]]}},{"type":"Feature","properties":{"id":"buena-vista-west","name":"Buena Vista West","source":"city_of_miami"},"geometry":{"type":"Polygon","coordinates":[[[-80.1998751384515,25.8214160278086],[-80.1994629043536,25.8114630348981],[-80.2061124228176,25.8124942679126],[-80.2064211963818,25.8211785140632],[-80.1998751384515,25.8214160278086]]]}},{"type":"Feature","properties":{"id":"cbd","name":"Cbd","source":"city_of_miami"},"geometry":{"type":"Polygon","coordinates":[[[-80.1893544157507,25.7799994716376],[-80.1886439033239,25.7790781249016],[-80.1877286617191,25.7762051340847],[-80.1871642246261,25.7726928730579],[-80.1873984322259,25.7706511692026],[-80.1889334639921,25.770123228608],[-80.1900474938604,25.7701208350659],[-80.1901164902643,25.7716227412377],[-80.1926592703103,25.7715048075436],[-80.1955205785408,25.7720272374686],[-80.1955871506538,25.774011638525],[-80.1946718459539,25.7740540355278],[-80.1947013167276,25.7750336625583],[-80.1951377045184,25.7750120032328],[-80.1952056035219,25.7769678664188],[-80.1903526575144,25.7771472907627],[-80.1903760736274,25.7780622280746],[-80.1892915336982,25.7781021007815],[-80.1893544157507,25.7799994716376]]]}},{"type":"Feature","properties":{"id":"citrus-grove","name":"Citrus Grove","source":"city_of_miami"},"geometry":{"type":"Polygon","coordinates":[[[-80.2225957530759,25.7799361924278],[-80.2229323517535,25.7780633154703],[-80.222580901671,25.7656050302909],[-80.2388467935454,25.765154836741],[-80.2393818023112,25.7794130927367],[-80.2225957530759,25.7799361924278]]]}},{"type":"Feature","properties":{"id":"civic-center","name":"Civic Center","source":"city_of_miami"},"geometry":{"type":"Polygon","coordinates":[[[-80.2233895136085,25.7947672398358],[-80.2052302665272,25.7952245515932],[-80.2051398387502,25.7921505120955],[-80.2040407385729,25.7894310313664],[-80.2040244957781,25.7886776027533],[-80.2084657487274,25.7882666168014],[-80.2184019642685,25.7840240084907],[-80.2229620539185,25.7855129940473],[-80.2233895136085,25.7947672398358]]]}},{"type":"Feature","properties":{"id":"coral-gate","name":"Coral Gate","source":"city_of_miami"},"geometry":{"type":"Polygon","coordinates":[[[-80.2468425586048,25.7575640696513],[-80.2465535979472,25.7500340703778],[-80.2546414117946,25.7497742594436],[-80.2548693785739,25.7571787549236],[-80.2468425586048,25.7575640696513]]]}},{"type":"Feature","properties":{"id":"culmer","name":"Culmer","source":"city_of_miami"},"geometry":{"type":"Polygon","coordinates":[[[-80.2070013053939,25.7885533731416],[-80.2040244957781,25.7886776027533],[-80.2006695952531,25.7824717019147],[-80.2001397657142,25.7806766603142],[-80.2000484279969,25.7787770721439],[-80.2066350549539,25.7785699903476],[-80.2070013053939,25.7885533731416]]]}},{"type":"Feature","properties":{"id":"curtis-park","name":"Curtis Park","source":"city_of_miami"},"geometry":{"type":"Polygon","coordinates":[[[-80.2233895136085,25.7947672398358],[-80.2229620539185,25.7855129940473],[-80.2287623480902,25.7870048082612],[-80.2313399566996,25.7890145287211],[-80.2355354375336,25.7903686198023],[-80.2398079689965,25.7929397627044],[-80.2398385059405,25.794167695999],[-80.2233895136085,25.7947672398358]]]}},{"type":"Feature","properties":{"id":"design-district","name":"Design District","source":"city_of_miami"},"geometry":{"type":"Polygon","coordinates":[[[-80.1955104872837,25.8147472301614],[-80.1899697097856,25.8145754528906],[-80.1908311921778,25.8113722525934],[-80.1953582568712,25.8114097634555],[-80.1955104872837,25.8147472301614]]]}},{"type":"Feature","properties":{"id":"douglas-park","name":"Douglas Park","source":"city_of_miami"},"geometry":{"type":"Polygon","coordinates":[[[-80.2382541098668,25.7504254294361],[-80.2377791147994,25.7398873898241],[-80.250795074177,25.735100345548],[-80.2558917942913,25.7311590359067],[-80.2559528179431,25.7321513802838],[-80.2578600532818,25.732029048437],[-80.2582262584688,25.7385406036217],[-80.2562504436186,25.7385916561084],[-80.2563282099954,25.7422914948099],[-80.2543510241676,25.7424000337697],[-80.2546414117946,25.7497742594436],[-80.2382541098668,25.7504254294361]]]}},{"type":"Feature","properties":{"id":"east-grove","name":"East Grove","source":"city_of_miami"},"geometry":{"type":"Polygon","coordinates":[[[-80.2197437273484,25.7465507099379],[-80.216845916462,25.7429560233927],[-80.2203220927949,25.7406190187785],[-80.227342416818,25.7369383438044],[-80.2292489150014,25.7355951304516],[-80.2296611100468,25.7360340851864],[-80.2298606672052,25.7427714399442],[-80.2197437273484,25.7465507099379]]]}},{"type":"Feature","properties":{"id":"east-little-havana","name":"East Little Havana","source":"city_of_miami"},"geometry":{"type":"Polygon","coordinates":[[[-80.2099255065475,25.7803451201369],[-80.2085267152797,25.7788538753939],[-80.2071275057578,25.778144846748],[-80.2078549781067,25.77756312444],[-80.2077335429939,25.7736573268079],[-80.2011387354305,25.7738788627413],[-80.2005302641462,25.7729971666719],[-80.1992942274471,25.7708570786197],[-80.2003699776727,25.7680950924776],[-80.2005706170281,25.7661531705082],[-80.1999581252936,25.7633281669649],[-80.2143715184239,25.7629265682498],[-80.2148287818071,25.7801833720786],[-80.2099255065475,25.7803451201369]]]}},{"type":"Feature","properties":{"id":"edgewater","name":"Edgewater","source":"city_of_miami"},"geometry":{"type":"Polygon","coordinates":[[[-80.1908311921778,25.8113722525934],[-80.18530412817,25.8113308909625],[-80.1853600698475,25.8038740172646],[-80.1868651902369,25.8037574312959],[-80.1866716508792,25.8030568336986],[-80.1853229675329,25.8030771399842],[-80.1853449825108,25.7970792830794],[-80.1868602162487,25.7970267190611],[-80.1869810502544,25.7967170151547],[-80.1869552784634,25.7951766645423],[-80.1853590329664,25.7951906015201],[-80.1853873604158,25.7922133479443],[-80.1870580516418,25.7920005287903],[-80.1876589715233,25.7923725597997],[-80.1947491060698,25.7924802547417],[-80.1948200505951,25.7939845745336],[-80.1908311921778,25.8113722525934]]]}},{"type":"Feature","properties":{"id":"edison","name":"Edison","source":"city_of_miami"},"geometry":{"type":"Polygon","coordinates":[[[-80.1965779322512,25.8399999389927],[-80.1962578203282,25.8325927556568],[-80.1965128135089,25.8325927904688],[-80.1964525315815,25.8302368444957],[-80.1957998197099,25.8215266250602],[-80.2064211963818,25.8211785140632],[-80.2065274314008,25.8263893464552],[-80.2058411073077,25.8307230003362],[-80.2060241322515,25.8397403023033],[-80.1965779322512,25.8399999389927]]]}},{"type":"Feature","properties":{"id":"fair-isle","name":"Fair Isle","source":"city_of_miami"},"geometry":{"type":"MultiPolygon","coordinates":[[[[-80.2180944893516,25.7415644550765],[-80.2166440438482,25.739577080555],[-80.2185409686766,25.7395179701284],[-80.22013151982,25.7384313791738],[-80.220880680603,25.739745192908],[-80.2228265482738,25.7387593486013],[-80.2227299268184,25.7385816294745],[-80.221013085722,25.7394433409273],[-80.2202761291243,25.7384122054826],[-80.2212647673766,25.737038905681],[-80.2263029313239,25.7343905932662],[-80.2266260428956,25.7346283218709],[-80.2266230663296,25.7342378742718],[-80.2275125262119,25.7338575784234],[-80.2285344371713,25.735161796268],[-80.2278667129322,25.7337524981312],[-80.2284468876819,25.7341079143505],[-80.2292489150014,25.7355951304516],[-80.227342416818,25.7369383438044],[-80.2185841102796,25.741774034081],[-80.2180944893516,25.7415644550765]]],[[[-80.2185485935484,25.7371635606631],[-80.2178751912582,25.7373043908174],[-80.2171944796275,25.7369091866452],[-80.2171971439138,25.7358076369389],[-80.219417981674,25.733819679071],[-80.220465162008,25.733740424555],[-80.2209411005078,25.7342970196924],[-80.2207931030105,25.7352144856237],[-80.2185485935484,25.7371635606631]]]]}},{"type":"Feature","properties":{"id":"fashion-district","name":"Fashion District","source":"city_of_miami"},"geometry":{"type":"Polygon","coordinates":[[[-80.1992338912132,25.8038193735367],[-80.1989895068864,25.7976733557868],[-80.2030337856955,25.7975941233986],[-80.2030179338036,25.7971242521688],[-80.205294854609,25.7971606155355],[-80.2057501797635,25.8036281348424],[-80.1992338912132,25.8038193735367]]]}},{"type":"Feature","properties":{"id":"flagami","name":"Flagami","source":"city_of_miami"},"geometry":{"type":"Polygon","coordinates":[[[-80.2957311144974,25.7777089992529],[-80.2557690375647,25.7787993562146],[-80.2555260694246,25.7705325234457],[-80.2584948884956,25.7704814815798],[-80.2585099805107,25.7680534228698],[-80.2593869450499,25.7680578897795],[-80.259161300238,25.7643934283696],[-80.3197168411198,25.7623171438204],[-80.3197155102426,25.7625504871259],[-80.3187486592817,25.762662552285],[-80.3183567278864,25.7630574272589],[-80.3169674003168,25.7667086634965],[-80.3155388831827,25.7682380639232],[-80.3094166289505,25.7715128998908],[-80.3093751010421,25.7743227735469],[-80.3083333799996,25.777305699369],[-80.3082653112791,25.7720797091806],[-80.2957311144974,25.7777089992529]]]}},{"type":"Feature","properties":{"id":"flora-park","name":"Flora Park","source":"city_of_miami"},"geometry":{"type":"Polygon","coordinates":[[[-80.2248084283302,25.8280376972979],[-80.2241057593936,25.8122456253447],[-80.2281043812753,25.8121348515544],[-80.2288066160628,25.8278997434814],[-80.2248084283302,25.8280376972979]]]}},{"type":"Feature","properties":{"id":"government-center","name":"Government Center","source":"city_of_miami"},"geometry":{"type":"Polygon","coordinates":[[[-80.2000484279969,25.7787770721439],[-80.1920928231592,25.7789821067554],[-80.1920158891215,25.7771059812926],[-80.1952056035219,25.7769678664188],[-80.1951377045184,25.7750120032328],[-80.1947013167276,25.7750336625583],[-80.1946718459539,25.7740540355278],[-80.1955871506538,25.774011638525],[-80.1955205785408,25.7720272374686],[-80.1972351510757,25.7726431099655],[-80.1990204301166,25.7726308511763],[-80.1998621521379,25.7754872088103],[-80.2000484279969,25.7787770721439]]]}},{"type":"Feature","properties":{"id":"grove-center","name":"Grove Center","source":"city_of_miami"},"geometry":{"type":"Polygon","coordinates":[[[-80.2297075850673,25.7375412028237],[-80.2296611100468,25.7360340851864],[-80.2279525823584,25.7336852013902],[-80.2287333386212,25.7336436812786],[-80.2295976152536,25.7342812337158],[-80.230132235104,25.7331638363493],[-80.2296884691125,25.7326758793792],[-80.2314906596409,25.7315960386798],[-80.2318409853072,25.7319715524119],[-80.2319555242916,25.7316671870272],[-80.2322415804774,25.731999715702],[-80.233161341365,25.7317736185518],[-80.2330191464231,25.7311818484778],[-80.2333609018241,25.7311186465961],[-80.2332316643481,25.7303420889496],[-80.2335441828439,25.7297756671676],[-80.2331715936996,25.7296742289314],[-80.2331467613483,25.7300526651703],[-80.2327672821412,25.7291027444006],[-80.2338967821944,25.7286426799035],[-80.2330740217872,25.72786909388],[-80.2335337625123,25.7272576194393],[-80.2339049749747,25.7270693854137],[-80.2343888184001,25.7274944308676],[-80.2358309046632,25.7261244383671],[-80.2371446663702,25.727542502975],[-80.2376746701286,25.7275192242206],[-80.2384471693257,25.7269794433976],[-80.2392924442145,25.7254446537688],[-80.2421403012975,25.7280690566777],[-80.2445702093965,25.725895042353],[-80.2451800527101,25.7263643838336],[-80.2452709326894,25.7271842395345],[-80.2468126278811,25.7271583408076],[-80.2468429450511,25.7278900110456],[-80.2435620209035,25.7280738646977],[-80.2436391636706,25.7298621233336],[-80.2395954689656,25.7300307471676],[-80.2297075850673,25.7375412028237]]]}},{"type":"Feature","properties":{"id":"hadley-park","name":"Hadley Park","source":"city_of_miami"},"geometry":{"type":"Polygon","coordinates":[[[-80.2065431957738,25.8249367525924],[-80.2061124228176,25.8124942679126],[-80.2241057593936,25.8122456253447],[-80.2246253406411,25.8244101687584],[-80.2065431957738,25.8249367525924]]]}},{"type":"Feature","properties":{"id":"haynesworth","name":"Haynesworth","source":"city_of_miami"},"geometry":{"type":"Polygon","coordinates":[[[-80.1845770193933,25.8477741819385],[-80.172261095612,25.8481068712843],[-80.1726722679338,25.8456029839354],[-80.1731030019289,25.8448471194967],[-80.1756884921033,25.845565798576],[-80.1792876958524,25.8471026497486],[-80.1806796279675,25.8472487610846],[-80.1824892553471,25.8465934970518],[-80.1844960182502,25.8464233686953],[-80.1845770193933,25.8477741819385]]]}},{"type":"Feature","properties":{"id":"highland-park","name":"Highland Park","source":"city_of_miami"},"geometry":{"type":"Polygon","coordinates":[[[-80.2096559280695,25.7877482772624],[-80.2070013053939,25.7885533731416],[-80.2068487555201,25.7841325736009],[-80.2169650394141,25.7838916125771],[-80.2178202743948,25.7842731427808],[-80.2096559280695,25.7877482772624]]]}},{"type":"Feature","properties":{"id":"historic-buena-vista-east","name":"Historic Buena Vista East","source":"city_of_miami"},"geometry":{"type":"Polygon","coordinates":[[[-80.1957550354677,25.8206187968778],[-80.1916647259831,25.8201988858408],[-80.1914665751461,25.8148544457138],[-80.1955104872837,25.8147472301614],[-80.1957550354677,25.8206187968778]]]}},{"type":"Feature","properties":{"id":"king-heights","name":"King Heights","source":"city_of_miami"},"geometry":{"type":"Polygon","coordinates":[[[-80.2058253183518,25.8323482361247],[-80.2062524665179,25.8287016776991],[-80.2252958710822,25.8280248210692],[-80.2252969745208,25.829868882131],[-80.2256064578429,25.8298454265845],[-80.2253419596955,25.8317145532475],[-80.2058253183518,25.8323482361247]]]}},{"type":"Feature","properties":{"id":"la-pastorita","name":"La Pastorita","source":"city_of_miami"},"geometry":{"type":"Polygon","coordinates":[[[-80.2470419263286,25.7649108068589],[-80.2468425586048,25.7575640696513],[-80.2548693785739,25.7571787549236],[-80.2552200939005,25.7645137120292],[-80.2470419263286,25.7649108068589]]]}},{"type":"Feature","properties":{"id":"latin-quarter","name":"Latin Quarter","source":"city_of_miami"},"geometry":{"type":"Polygon","coordinates":[[[-80.2222308837738,25.7732117532628],[-80.2146609777051,25.7734782114304],[-80.2144470275448,25.7658220457863],[-80.222580901671,25.7656050302909],[-80.2227637618106,25.7727496277778],[-80.2222308837738,25.7732117532628]]]}},{"type":"Feature","properties":{"id":"le-jeune-gardens","name":"Le Jeune Gardens","source":"city_of_miami"},"geometry":{"type":"Polygon","coordinates":[[[-80.2642599942887,25.7934778922027],[-80.2640699813067,25.7784746354271],[-80.2957311144974,25.7777089992529],[-80.2923070286108,25.7795890838488],[-80.2892946225891,25.7804463973624],[-80.2803142543011,25.7796935965399],[-80.2778422257188,25.7800924955042],[-80.2756183257776,25.7816942331927],[-80.2712051298708,25.7868819998866],[-80.2653034439721,25.7930359064835],[-80.2642599942887,25.7934778922027]]]}},{"type":"Feature","properties":{"id":"legion-park","name":"Legion Park","source":"city_of_miami"},"geometry":{"type":"Polygon","coordinates":[[[-80.1841878833819,25.8368523698065],[-80.1798505124732,25.8369711822776],[-80.1805739847249,25.8350010552104],[-80.1808588330722,25.8329562308478],[-80.1840510019649,25.8329009427786],[-80.1841878833819,25.8368523698065]]]}},{"type":"Feature","properties":{"id":"lemon-city-little-haiti","name":"Lemon City/Little Haiti","source":"city_of_miami"},"geometry":{"type":"Polygon","coordinates":[[[-80.1965779322512,25.8399999389927],[-80.1925041083186,25.8400763924759],[-80.1920767240489,25.8297003220677],[-80.1879116293984,25.8298383937315],[-80.1876695522721,25.8252750757669],[-80.1887789573589,25.8198658922282],[-80.1916497392396,25.8198318505166],[-80.1916647259831,25.8201988858408],[-80.1957550354677,25.8206187968778],[-80.1964525315815,25.8302368444957],[-80.1965128135089,25.8325927904688],[-80.1962578203282,25.8325927556568],[-80.1965779322512,25.8399999389927]]]}},{"type":"Feature","properties":{"id":"liberty-square","name":"Liberty Square","source":"city_of_miami"},"geometry":{"type":"Polygon","coordinates":[[[-80.2170260886141,25.8394399545071],[-80.2166909277061,25.83198972138],[-80.2253419596955,25.8317145532475],[-80.2256478218436,25.8391948839747],[-80.2170260886141,25.8394399545071]]]}},{"type":"Feature","properties":{"id":"little-managua","name":"Little Managua","source":"city_of_miami"},"geometry":{"type":"Polygon","coordinates":[[[-80.2071275057578,25.778144846748],[-80.2043546243587,25.7770628914207],[-80.2011387354305,25.7738788627413],[-80.2077335429939,25.7736573268079],[-80.2078549781067,25.77756312444],[-80.2071275057578,25.778144846748]]]}},{"type":"Feature","properties":{"id":"little-river-central","name":"Little River Central","source":"city_of_miami"},"geometry":{"type":"Polygon","coordinates":[[[-80.1888115084092,25.8476679018398],[-80.1886267927325,25.8439366594397],[-80.1967308079162,25.8436427882082],[-80.1965779322512,25.8399999389927],[-80.2060241322515,25.8397403023033],[-80.2062372605279,25.8427695974355],[-80.2077178559158,25.8470610836628],[-80.1888115084092,25.8476679018398]]]}},{"type":"Feature","properties":{"id":"little-river-gardens","name":"Little River Gardens","source":"city_of_miami"},"geometry":{"type":"Polygon","coordinates":[[[-80.192993237704,25.8534575258515],[-80.1929008305339,25.8497696189587],[-80.1970517921594,25.8496323716915],[-80.1971588504597,25.8530270046525],[-80.192993237704,25.8534575258515]]]}},{"type":"Feature","properties":{"id":"little-river-industrial-district","name":"Little River Industrial District","source":"city_of_miami"},"geometry":{"type":"Polygon","coordinates":[[[-80.1967308079162,25.8436427882082],[-80.1886267927325,25.8439366594397],[-80.1879116293984,25.8298383937315],[-80.1920767240489,25.8297003220677],[-80.1925041083186,25.8400763924759],[-80.1965779322512,25.8399999389927],[-80.1967308079162,25.8436427882082]]]}},{"type":"Feature","properties":{"id":"lummus-park","name":"Lummus Park","source":"city_of_miami"},"geometry":{"type":"Polygon","coordinates":[[[-80.2000484279969,25.7787770721439],[-80.1998621521379,25.7754872088103],[-80.1989873019829,25.7723320664494],[-80.1992942274471,25.7708570786197],[-80.2013698998106,25.7742138994895],[-80.2033945457644,25.7762135035062],[-80.2046664141246,25.7772714592672],[-80.2071275057578,25.778144846748],[-80.2066350549539,25.7785699903476],[-80.2000484279969,25.7787770721439]]]}},{"type":"Feature","properties":{"id":"magnolia-park","name":"Magnolia Park","source":"city_of_miami"},"geometry":{"type":"Polygon","coordinates":[[[-80.1901158329269,25.8138451131356],[-80.1852579854628,25.8140489003986],[-80.18530412817,25.8113308909625],[-80.1908311921778,25.8113722525934],[-80.1901158329269,25.8138451131356]]]}},{"type":"Feature","properties":{"id":"mdcc","name":"Mdcc","source":"city_of_miami"},"geometry":{"type":"Polygon","coordinates":[[[-80.1921075571833,25.7799472063691],[-80.1893544157507,25.7799994716376],[-80.1892915336982,25.7781021007815],[-80.1903760736274,25.7780622280746],[-80.1903526575144,25.7771472907627],[-80.1920158891215,25.7771059812926],[-80.1921075571833,25.7799472063691]]]}},{"type":"Feature","properties":{"id":"media-art-entertainment","name":"Media Art Entertainment","source":"city_of_miami"},"geometry":{"type":"Polygon","coordinates":[[[-80.1947491060698,25.7924802547417],[-80.1907803053697,25.7925466121423],[-80.190643507954,25.7857260791179],[-80.1932669723732,25.785658113237],[-80.196319360347,25.7868783578386],[-80.1962554254549,25.7881633765571],[-80.1948200505951,25.7939845745336],[-80.1947491060698,25.7924802547417]]]}},{"type":"Feature","properties":{"id":"melrose","name":"Melrose","source":"city_of_miami"},"geometry":{"type":"Polygon","coordinates":[[[-80.2241057593936,25.8122456253447],[-80.2235114591447,25.7984405404877],[-80.239884486855,25.7979176328162],[-80.240372226527,25.8109748053045],[-80.2280428163748,25.8112575476015],[-80.2281043812753,25.8121348515544],[-80.2241057593936,25.8122456253447]]]}},{"type":"Feature","properties":{"id":"miami-avenue","name":"Miami Avenue","source":"city_of_miami"},"geometry":{"type":"Polygon","coordinates":[[[-80.1997370587516,25.7619157017535],[-80.1928400538725,25.7579179760589],[-80.2038873096344,25.7503777861031],[-80.2019494162679,25.7481607924523],[-80.2082705750961,25.7457558196371],[-80.2113882826061,25.749375764536],[-80.2127837692547,25.7490766288653],[-80.2078621084241,25.75137153746],[-80.200622736444,25.7560184915916],[-80.1998142998237,25.7578154717232],[-80.1997370587516,25.7619157017535]]]}},{"type":"Feature","properties":{"id":"midtown","name":"Midtown","source":"city_of_miami"},"geometry":{"type":"Polygon","coordinates":[[[-80.1908868606629,25.8113715307251],[-80.1925045968248,25.8040167029192],[-80.1951295401818,25.8039298042133],[-80.1953582568712,25.8114097634555],[-80.1908868606629,25.8113715307251]]]}},{"type":"Feature","properties":{"id":"morningside","name":"Morningside","source":"city_of_miami"},"geometry":{"type":"Polygon","coordinates":[[[-80.1840510019649,25.8329009427786],[-80.1808588330722,25.8329562308478],[-80.1798831249949,25.8304211014572],[-80.1797889282074,25.828016299311],[-80.1787819095193,25.8259523132112],[-80.1790214527203,25.8253528566598],[-80.1782528187458,25.8222015674646],[-80.1883496860026,25.821773228733],[-80.1876695190666,25.8254748873543],[-80.1873926948065,25.825474371311],[-80.1865836259393,25.8275952072995],[-80.1841576349181,25.8314822268619],[-80.1840510019649,25.8329009427786]]]}},{"type":"Feature","properties":{"id":"north-grapeland-heights","name":"North Grapeland Heights","source":"city_of_miami"},"geometry":{"type":"Polygon","coordinates":[[[-80.2398385059405,25.794167695999],[-80.2395636861472,25.7849029235173],[-80.2464775970695,25.784319682021],[-80.251428796254,25.7855902201069],[-80.2559673663213,25.7859744507284],[-80.2562123289515,25.7937141409749],[-80.2398385059405,25.794167695999]]]}},{"type":"Feature","properties":{"id":"north-grove","name":"North Grove","source":"city_of_miami"},"geometry":{"type":"Polygon","coordinates":[[[-80.2298606672052,25.7427714399442],[-80.2297075850673,25.7375412028237],[-80.2375040836503,25.7316394984442],[-80.2377791147994,25.7398873898241],[-80.2298606672052,25.7427714399442]]]}},{"type":"Feature","properties":{"id":"north-sewell-park","name":"North Sewell Park","source":"city_of_miami"},"geometry":{"type":"Polygon","coordinates":[[[-80.2398079689965,25.7929397627044],[-80.2355354375336,25.7903686198023],[-80.2313399566996,25.7890145287211],[-80.2287623480902,25.7870048082612],[-80.2232206804428,25.7856687920515],[-80.2184019642685,25.7840240084907],[-80.2221381158597,25.7826596082112],[-80.2297835227534,25.7823199170378],[-80.2319807151575,25.7828394948448],[-80.2353525365511,25.7842961945052],[-80.2395636861472,25.7849029235173],[-80.2398079689965,25.7929397627044]]]}},{"type":"Feature","properties":{"id":"northeast-overtown","name":"Northeast Overtown","source":"city_of_miami"},"geometry":{"type":"Polygon","coordinates":[[[-80.1945803647357,25.7955260348505],[-80.196319360347,25.7868783578386],[-80.199935934837,25.7883812445177],[-80.2003937547393,25.7953930380865],[-80.1945803647357,25.7955260348505]]]}},{"type":"Feature","properties":{"id":"northwestern-estates","name":"Northwestern Estates","source":"city_of_miami"},"geometry":{"type":"Polygon","coordinates":[[[-80.2077632759465,25.8475455561626],[-80.2060699510754,25.8417008421551],[-80.2058253183518,25.8323482361247],[-80.2166909277061,25.83198972138],[-80.2170260886141,25.8394399545071],[-80.209411528971,25.839615369831],[-80.2095831002706,25.8474798136104],[-80.2077632759465,25.8475455561626]]]}},{"type":"Feature","properties":{"id":"oakland-grove","name":"Oakland Grove","source":"city_of_miami"},"geometry":{"type":"Polygon","coordinates":[[[-80.192993237704,25.8534575258515],[-80.1919865583637,25.8536842372185],[-80.1908196887802,25.8536289027047],[-80.1896554301656,25.8531627756581],[-80.1890490330647,25.8533256691257],[-80.1883903697696,25.8525984049788],[-80.1888495281836,25.8498942365548],[-80.1929008305339,25.8497696189587],[-80.192993237704,25.8534575258515]]]}},{"type":"Feature","properties":{"id":"old-san-juan","name":"Old San Juan","source":"city_of_miami"},"geometry":{"type":"Polygon","coordinates":[[[-80.2059780528065,25.8124741036326],[-80.2014307176775,25.8116272439645],[-80.1953582568712,25.8114097634555],[-80.194992196062,25.8008094231888],[-80.1991112337631,25.8007021704556],[-80.1992338912132,25.8038193735367],[-80.2057501797635,25.8036281348424],[-80.2059780528065,25.8124741036326]]]}},{"type":"Feature","properties":{"id":"omni-pac","name":"Omni/PAC","source":"city_of_miami"},"geometry":{"type":"Polygon","coordinates":[[[-80.1881871860542,25.792348167825],[-80.1870580516418,25.7920005287903],[-80.1853873604158,25.7922133479443],[-80.1854266096696,25.7871369172222],[-80.1864316961456,25.7870345546058],[-80.1895135877025,25.7857534913548],[-80.190643507954,25.7857260791179],[-80.1907794332483,25.7922835144309],[-80.1881871860542,25.792348167825]]]}},{"type":"Feature","properties":{"id":"orange-bowl","name":"Orange Bowl","source":"city_of_miami"},"geometry":{"type":"Polygon","coordinates":[[[-80.2148287818071,25.7801833720786],[-80.2146609777051,25.7734782114304],[-80.2222308837738,25.7732117532628],[-80.2227637618106,25.7727496277778],[-80.2229323517535,25.7780633154703],[-80.2225957530759,25.7799361924278],[-80.2148287818071,25.7801833720786]]]}},{"type":"Feature","properties":{"id":"orchard-villa","name":"Orchard Villa","source":"city_of_miami"},"geometry":{"type":"Polygon","coordinates":[[[-80.2248084283302,25.8280376972979],[-80.2062524665179,25.8287016776991],[-80.2065431957738,25.8249367525924],[-80.2246253406411,25.8244101687584],[-80.2248084283302,25.8280376972979]]]}},{"type":"Feature","properties":{"id":"palm-bay","name":"Palm Bay","source":"city_of_miami"},"geometry":{"type":"Polygon","coordinates":[[[-80.1772607504283,25.8399423527929],[-80.1770047917511,25.8396676674116],[-80.1789637024981,25.8381829220779],[-80.1798223793171,25.8381576815323],[-80.1801392976289,25.8374456877437],[-80.179663003131,25.8374617412416],[-80.1798505124732,25.8369711822776],[-80.1812270600714,25.8369335527515],[-80.1811974719923,25.8391340589678],[-80.1784814902329,25.8392755450612],[-80.1772607504283,25.8399423527929]]]}},{"type":"Feature","properties":{"id":"palm-grove","name":"Palm Grove","source":"city_of_miami"},"geometry":{"type":"Polygon","coordinates":[[[-80.1882438106039,25.8372382615825],[-80.1842037562827,25.837280798273],[-80.1840350382782,25.8318484902575],[-80.1865836259393,25.8275952072995],[-80.1873926948065,25.825474371311],[-80.1876695190666,25.8254748873543],[-80.1882438106039,25.8372382615825]]]}},{"type":"Feature","properties":{"id":"parkdale-north","name":"Parkdale North","source":"city_of_miami"},"geometry":{"type":"Polygon","coordinates":[[[-80.2388467935454,25.765154836741],[-80.238557358744,25.7577771903764],[-80.2468425586048,25.7575640696513],[-80.2470419263286,25.7649108068589],[-80.2388467935454,25.765154836741]]]}},{"type":"Feature","properties":{"id":"parkdale-south","name":"Parkdale South","source":"city_of_miami"},"geometry":{"type":"Polygon","coordinates":[[[-80.238557358744,25.7577771903764],[-80.2382541098668,25.7504254294361],[-80.2465535979472,25.7500340703778],[-80.2468425586048,25.7575640696513],[-80.238557358744,25.7577771903764]]]}},{"type":"Feature","properties":{"id":"parkwest","name":"Parkwest","source":"city_of_miami"},"geometry":{"type":"Polygon","coordinates":[[[-80.196319360347,25.7868783578386],[-80.1932669723732,25.785658113237],[-80.1890251261091,25.7859134389371],[-80.1896810474007,25.7844214213185],[-80.1896054572601,25.7819616849107],[-80.1891773937653,25.7800010641009],[-80.1921075571833,25.7799472063691],[-80.1920928231592,25.7789821067554],[-80.1959419918756,25.7788739464194],[-80.196319360347,25.7868783578386]]]}},{"type":"Feature","properties":{"id":"pelican-harbor","name":"Pelican Harbor","source":"city_of_miami"},"geometry":{"type":"Polygon","coordinates":[[[-80.1680532766883,25.8497218880175],[-80.1657962471098,25.8498255226942],[-80.1656710921958,25.849299829099],[-80.164382351536,25.8492341259091],[-80.1644492304471,25.848884584588],[-80.1660602530992,25.8489521382193],[-80.1660635261102,25.8484854746514],[-80.1621304527907,25.8486378821096],[-80.1619402946049,25.8481701018603],[-80.166131406698,25.848019353545],[-80.1665907053223,25.8468554558513],[-80.1687186524212,25.8467508955943],[-80.1689082375166,25.8472769565809],[-80.1680679697163,25.8476220710247],[-80.1696777562334,25.8478646266089],[-80.1696740904487,25.8483895806622],[-80.1675461146081,25.8484939817955],[-80.1676700527808,25.8491947163589],[-80.1681234101627,25.8489056809845],[-80.1683152251395,25.8491401213594],[-80.1680532766883,25.8497218880175]]]}},{"type":"Feature","properties":{"id":"port-of-miami","name":"Port of Miami","source":"city_of_miami"},"geometry":{"type":"Polygon","coordinates":[[[-80.1601935985829,25.7728018711458],[-80.1550347644564,25.7710351735316],[-80.1502904260574,25.768900668841],[-80.1458854812982,25.7675281316248],[-80.1451166327286,25.7671199525863],[-80.1450231099166,25.7667083445626],[-80.1457800486859,25.7662596877809],[-80.152992784529,25.7664155028548],[-80.1532743749383,25.7666614033955],[-80.1613637957004,25.7670541282036],[-80.1624941771732,25.7678829290361],[-80.1621697322581,25.7691934264466],[-80.1632967658548,25.769528345252],[-80.1639514961606,25.7683193904946],[-80.1678719183294,25.7701181618837],[-80.1669601934464,25.772017612764],[-80.1677647855609,25.7723540905576],[-80.1687798941824,25.7704155031567],[-80.1713944537613,25.7713355884775],[-80.1712928398278,25.771583227959],[-80.1728118344094,25.7723663594106],[-80.1770997346167,25.7742607759822],[-80.1786587119226,25.7746262197807],[-80.181325988235,25.7779625801029],[-80.1814250833282,25.7791866036909],[-80.1806524060785,25.7800530396387],[-80.1802818121628,25.7800877504243],[-80.179747609046,25.7811561966332],[-80.1601935985829,25.7728018711458]]]}},{"type":"Feature","properties":{"id":"rainbow-village","name":"Rainbow Village","source":"city_of_miami"},"geometry":{"type":"Polygon","coordinates":[[[-80.1989895068864,25.7976733557868],[-80.1988976281551,25.795404062603],[-80.2052302665272,25.7952245515932],[-80.205294854609,25.7971606155355],[-80.2030179338036,25.7971242521688],[-80.2030337856955,25.7975941233986],[-80.1989895068864,25.7976733557868]]]}},{"type":"Feature","properties":{"id":"riverfront","name":"Riverfront","source":"city_of_miami"},"geometry":{"type":"Polygon","coordinates":[[[-80.1976518083255,25.7726454077805],[-80.1934920653009,25.7715848280641],[-80.1901164902643,25.7716227412377],[-80.190047967067,25.7698273076153],[-80.1925146072215,25.7701506224442],[-80.1959305796997,25.7686491823004],[-80.1975186867114,25.7687478803554],[-80.1987086407797,25.7699655276113],[-80.1989904710322,25.7708418221672],[-80.1992942274471,25.7708570786197],[-80.1990204301166,25.7726308511763],[-80.1976518083255,25.7726454077805]]]}},{"type":"Feature","properties":{"id":"roads","name":"Roads","source":"city_of_miami"},"geometry":{"type":"Polygon","coordinates":[[[-80.1997370587516,25.7619157017535],[-80.1998898774595,25.7573620927556],[-80.200622736444,25.7560184915916],[-80.2013694781033,25.7554357006613],[-80.2078621084241,25.75137153746],[-80.2117973236593,25.749484077288],[-80.2217547780635,25.7458367533592],[-80.221984971729,25.7508654332098],[-80.2141726784817,25.7512466701311],[-80.2143715184239,25.7629265682498],[-80.1999581252936,25.7633281669649],[-80.1997370587516,25.7619157017535]]]}},{"type":"Feature","properties":{"id":"san-marco-island","name":"San Marco Island","source":"city_of_miami"},"geometry":{"type":"Polygon","coordinates":[[[-80.166853036433,25.7915156258256],[-80.1661435491575,25.7912510479569],[-80.1657691435715,25.7906307224875],[-80.1659134227028,25.7899359912241],[-80.166467702005,25.7894968999094],[-80.1700329698369,25.7892662322954],[-80.170988874801,25.789985470761],[-80.17094703029,25.7907311744389],[-80.1703257048089,25.7912802957893],[-80.166853036433,25.7915156258256]]]}},{"type":"Feature","properties":{"id":"santa-clara","name":"Santa Clara","source":"city_of_miami"},"geometry":{"type":"Polygon","coordinates":[[[-80.2241057593936,25.8122456253447],[-80.2061124228176,25.8124942679126],[-80.2053452016322,25.798896787234],[-80.2112738629159,25.7987643320184],[-80.2112728516369,25.7990893236865],[-80.2153471933056,25.7989521348274],[-80.215331858058,25.7986270538219],[-80.2235114591447,25.7984405404877],[-80.2241057593936,25.8122456253447]]]}},{"type":"Feature","properties":{"id":"shenandoah-north","name":"Shenandoah North","source":"city_of_miami"},"geometry":{"type":"Polygon","coordinates":[[[-80.2144470275448,25.7658220457863],[-80.2142949190136,25.7577160223898],[-80.2183238831744,25.7580288338576],[-80.2223521035421,25.7578765576518],[-80.2223516245635,25.7582999142888],[-80.238557358744,25.7577771903764],[-80.2388467935454,25.765154836741],[-80.2144470275448,25.7658220457863]]]}},{"type":"Feature","properties":{"id":"shenandoah-south","name":"Shenandoah South","source":"city_of_miami"},"geometry":{"type":"Polygon","coordinates":[[[-80.2223516245635,25.7582999142888],[-80.2223521035421,25.7578765576518],[-80.2183238831744,25.7580288338576],[-80.2142949190136,25.7577160223898],[-80.2141726784817,25.7512466701311],[-80.2382541098668,25.7504254294361],[-80.238557358744,25.7577771903764],[-80.2223516245635,25.7582999142888]]]}},{"type":"Feature","properties":{"id":"shorecrest","name":"Shorecrest","source":"city_of_miami"},"geometry":{"type":"Polygon","coordinates":[[[-80.185252255832,25.851510928738],[-80.1854392651698,25.8551978180439],[-80.1709512956512,25.8557762799325],[-80.1710362077109,25.8551551520236],[-80.1754383125904,25.8549781755418],[-80.1710854081453,25.8549401467474],[-80.1713991515773,25.8531983257921],[-80.1731722343922,25.8531451554982],[-80.1732810113832,25.8528887036613],[-80.1733057680518,25.8524441718806],[-80.1715338548607,25.8524674309561],[-80.1716750559844,25.8515400290373],[-80.1736214918073,25.851477868297],[-80.1717326160989,25.8513522395639],[-80.1718418569387,25.8505383169436],[-80.1735462919176,25.8505131224183],[-80.1718922603054,25.8503957105104],[-80.172261095612,25.8481068712843],[-80.1845770193933,25.8477741819385],[-80.1847685180592,25.8515235171046],[-80.185252255832,25.851510928738]]]}},{"type":"Feature","properties":{"id":"silver-bluff","name":"Silver Bluff","source":"city_of_miami"},"geometry":{"type":"Polygon","coordinates":[[[-80.221984971729,25.7508654332098],[-80.2217547780635,25.7458367533592],[-80.2377791147994,25.7398873898241],[-80.2382541098668,25.7504254294361],[-80.221984971729,25.7508654332098]]]}},{"type":"Feature","properties":{"id":"south-grapeland-heights","name":"South Grapeland Heights","source":"city_of_miami"},"geometry":{"type":"Polygon","coordinates":[[[-80.2559673663213,25.7859744507284],[-80.251428796254,25.7855902201069],[-80.2464775970695,25.784319682021],[-80.2395636861472,25.7849029235173],[-80.2393818023112,25.7794130927367],[-80.2557690375647,25.7787993562146],[-80.2559673663213,25.7859744507284]]]}},{"type":"Feature","properties":{"id":"south-grove","name":"South Grove","source":"city_of_miami"},"geometry":{"type":"Polygon","coordinates":[[[-80.2452871542712,25.7247971863327],[-80.2497883316775,25.7200096927382],[-80.2531146311589,25.7179307707681],[-80.2528099033111,25.7092865162148],[-80.2610197405943,25.7089774156468],[-80.261652660726,25.7248779605231],[-80.2584322517165,25.7248451771317],[-80.2581289398868,25.7244703082759],[-80.2496354147813,25.7248918632377],[-80.2452871542712,25.7247971863327]]]}},{"type":"Feature","properties":{"id":"south-grove-bayside","name":"South Grove Bayside","source":"city_of_miami"},"geometry":{"type":"Polygon","coordinates":[[[-80.2497883316775,25.7200096927382],[-80.2421403012975,25.7280690566777],[-80.2392924442145,25.7254446537688],[-80.240252786234,25.7242604803287],[-80.2408572854159,25.7247303280303],[-80.2407433704921,25.7245230392658],[-80.2412918450662,25.7240702048208],[-80.2410338553863,25.723741278779],[-80.2413715519701,25.7240143026729],[-80.2418417342882,25.7234835043643],[-80.2423670208992,25.72378200552],[-80.2413024871224,25.7229324927073],[-80.2418914681551,25.7221677600873],[-80.2430795511543,25.7231422369001],[-80.2422673771713,25.7224017735368],[-80.2428908418006,25.7212267497486],[-80.2436202558481,25.7217553565804],[-80.2428646559646,25.7209554338233],[-80.2433739338391,25.7207228384039],[-80.2433342837557,25.7203591968198],[-80.243526266422,25.7206793490482],[-80.2437665059315,25.7205135372436],[-80.2434796647474,25.720214215657],[-80.243800469581,25.7198563136298],[-80.2438366001194,25.7201763454496],[-80.244219140875,25.7200818603088],[-80.2450971204956,25.7207121705368],[-80.2443002465144,25.7200444493587],[-80.2442698326733,25.719630730033],[-80.2439121208911,25.7197015273745],[-80.2446255224429,25.7188887638165],[-80.2453405546961,25.718627564162],[-80.2451589727869,25.7183136585446],[-80.2446812863258,25.7183555487681],[-80.2448295728222,25.717750074614],[-80.2459542728697,25.7186281608649],[-80.2462268280446,25.7185442789289],[-80.2450784671122,25.7175051181957],[-80.2456146143445,25.7166819728836],[-80.2471897496026,25.717684299616],[-80.2474374976917,25.7172889547122],[-80.2457908745367,25.7165155690472],[-80.2463642772901,25.7160140910474],[-80.2469827366331,25.7159528887337],[-80.2471699027953,25.7157122529315],[-80.2467419690841,25.7154819378401],[-80.2469969532718,25.7152030466426],[-80.2473872749689,25.7154073731444],[-80.2482242345558,25.7145291092819],[-80.2494484208358,25.7152222240497],[-80.2482618475231,25.7144340378413],[-80.2496669193711,25.7148577634261],[-80.2486360530933,25.7142126777794],[-80.2491860225019,25.71299588859],[-80.2487857540255,25.7116870192225],[-80.2521280577082,25.7115370655293],[-80.2487145029109,25.7115772002693],[-80.2487393915357,25.7106979268492],[-80.2474237894221,25.7094276688266],[-80.2528099033111,25.7092865162148],[-80.2531146311589,25.7179307707681],[-80.2497883316775,25.7200096927382]]]}},{"type":"Feature","properties":{"id":"south-sewell-park","name":"South Sewell Park","source":"city_of_miami"},"geometry":{"type":"Polygon","coordinates":[[[-80.2395636861472,25.7849029235173],[-80.2353525365511,25.7842961945052],[-80.2319807151575,25.7828394948448],[-80.2297835227534,25.7823199170378],[-80.2221381158597,25.7826596082112],[-80.2184019642685,25.7840240084907],[-80.2109878095036,25.7814584582917],[-80.2099255065475,25.7803451201369],[-80.2393818023112,25.7794130927367],[-80.2395636861472,25.7849029235173]]]}},{"type":"Feature","properties":{"id":"southeast-overtown","name":"Southeast Overtown","source":"city_of_miami"},"geometry":{"type":"Polygon","coordinates":[[[-80.2040244957781,25.7886776027533],[-80.2005765509597,25.7885869871143],[-80.196319360347,25.7868783578386],[-80.1959419918756,25.7788739464194],[-80.2000484279969,25.7787770721439],[-80.2001397657142,25.7806766603142],[-80.2006695952531,25.7824717019147],[-80.2040244957781,25.7886776027533]]]}},{"type":"Feature","properties":{"id":"spring-garden","name":"Spring Garden","source":"city_of_miami"},"geometry":{"type":"Polygon","coordinates":[[[-80.2178202743948,25.7842731427808],[-80.2169650394141,25.7838916125771],[-80.2068487555201,25.7841325736009],[-80.2066350549539,25.7785699903476],[-80.2071275057578,25.778144846748],[-80.207870183897,25.7784477525325],[-80.2109878095036,25.7814584582917],[-80.2184019642685,25.7840240084907],[-80.2178202743948,25.7842731427808]]]}},{"type":"Feature","properties":{"id":"town-park","name":"Town Park","source":"city_of_miami"},"geometry":{"type":"Polygon","coordinates":[[[-80.2003937547393,25.7953930380865],[-80.199935934837,25.7883812445177],[-80.2010810226454,25.7887015310628],[-80.2040244957781,25.7886776027533],[-80.2040407385729,25.7894310313664],[-80.2051398387502,25.7921505120955],[-80.2052302665272,25.7952245515932],[-80.2003937547393,25.7953930380865]]]}},{"type":"Feature","properties":{"id":"virginia-key","name":"Virginia Key","source":"city_of_miami"},"geometry":{"type":"Polygon","coordinates":[[[-80.1487484532204,25.7576813737987],[-80.1473736563052,25.758159704768],[-80.1471417675637,25.757154298735],[-80.1465750031085,25.7570673212041],[-80.146459003802,25.7556299535462],[-80.1454081226722,25.7553718741292],[-80.1455142810137,25.7513900945768],[-80.1449050464773,25.7506354164982],[-80.1435827049557,25.750692730472],[-80.1432765877583,25.7503005047452],[-80.1434505601434,25.7493151050625],[-80.144842846691,25.7477348464134],[-80.1429666866019,25.7474204014267],[-80.1416421157681,25.7481624126389],[-80.1416664181541,25.7484267657249],[-80.1430501180881,25.7484413635521],[-80.143218863292,25.7486868769614],[-80.1424109360489,25.7500097912437],[-80.1424822646903,25.7503361530576],[-80.1430184446419,25.7502879806707],[-80.1429562740244,25.7506430468642],[-80.1426421772235,25.7512303176116],[-80.1421507158595,25.7512644793523],[-80.1407395562956,25.7495993676129],[-80.1416164471179,25.7471901956868],[-80.1420717477462,25.7467429566017],[-80.1434873759319,25.7431771885796],[-80.1462713226602,25.7394673337569],[-80.1509040416521,25.7372864957198],[-80.1523027909677,25.7370889819644],[-80.1586114676239,25.7335149008192],[-80.1595527126853,25.7342757383919],[-80.159760138182,25.734881362065],[-80.1578654395209,25.7373802983502],[-80.1578571205804,25.7396909143512],[-80.1634938141081,25.7371560816574],[-80.1669257670339,25.7401638399026],[-80.1678362231384,25.7392005841837],[-80.1738004162444,25.7444269415528],[-80.1738008070175,25.7434102491423],[-80.1763111219233,25.7453254497892],[-80.1792650683013,25.7462178171223],[-80.1790264669365,25.7465392351223],[-80.1771717609711,25.7468468880634],[-80.1749052755244,25.7454968430935],[-80.1740143443833,25.7453953255813],[-80.1737736482773,25.7460178182993],[-80.1760414109113,25.7480626790837],[-80.1759564901155,25.7484544319204],[-80.1753894390494,25.7483840729213],[-80.1729256792174,25.7460455915744],[-80.1729859638768,25.745319158431],[-80.1724489517255,25.7446428117616],[-80.1710292647655,25.7443743096012],[-80.1654386337424,25.739123415043],[-80.1642396482634,25.7387190629792],[-80.1625323391896,25.7392194527829],[-80.1617519556703,25.7406611179978],[-80.1621463194032,25.7418491978962],[-80.172508343914,25.7512225511765],[-80.1724298799198,25.7516672145486],[-80.1694230269155,25.7490882888056],[-80.1672390116414,25.7482529176886],[-80.1671765189427,25.7470860084689],[-80.1629317546462,25.745754029814],[-80.1623857004218,25.7445882067014],[-80.1610329344082,25.743716426096],[-80.1604717446732,25.7425739813236],[-80.1577111944494,25.7406492427005],[-80.1574261570389,25.7412757502441],[-80.1587757067034,25.7421112630551],[-80.1594286305935,25.7440562471513],[-80.1592289855996,25.7465771774385],[-80.1582841479111,25.7485211004732],[-80.1583856837513,25.7495782721979],[-80.1579834293604,25.7495647692732],[-80.1566899193469,25.7483115476846],[-80.1555966316357,25.7477730950402],[-80.1550820477774,25.7478572916597],[-80.1550047254745,25.7482390150576],[-80.1558066815217,25.7489475691369],[-80.1566296051434,25.7505060462241],[-80.1556247397401,25.7501613832791],[-80.1550038919321,25.7511736971396],[-80.1549267885432,25.7521145357386],[-80.1538402559679,25.7525751713417],[-80.1531459102089,25.7524074332708],[-80.1520584352473,25.7531062944752],[-80.1504508184629,25.7553319164396],[-80.1494877001655,25.7557076902603],[-80.1493586561948,25.7566561308864],[-80.1487484532204,25.7576813737987]]]}},{"type":"Feature","properties":{"id":"vizcaya","name":"Vizcaya","source":"city_of_miami"},"geometry":{"type":"Polygon","coordinates":[[[-80.2134680154251,25.7488283218688],[-80.2113882826061,25.749375764536],[-80.2082705750961,25.7457558196371],[-80.209175860525,25.7444412207758],[-80.210445981375,25.7438263119586],[-80.2101633557134,25.7431814853904],[-80.2104448427225,25.7422186723742],[-80.2102030150966,25.7419796295511],[-80.2105687327435,25.7407969948254],[-80.2142609900182,25.7383212471834],[-80.2158425638965,25.7387783220544],[-80.2180944893516,25.7415644550765],[-80.2185841102796,25.741774034081],[-80.2115992663453,25.7465830240181],[-80.2134680154251,25.7488283218688]]]}},{"type":"Feature","properties":{"id":"watson-island","name":"Watson Island","source":"city_of_miami"},"geometry":{"type":"Polygon","coordinates":[[[-80.1786653833721,25.7878314292429],[-80.1730641982473,25.7872164211816],[-80.1724410104513,25.7841797537757],[-80.1718040771921,25.7831263411763],[-80.1715615348333,25.7809667461893],[-80.1688489861107,25.779796765241],[-80.1689612903048,25.7794067244125],[-80.1772813365062,25.7829823683885],[-80.1777293986832,25.7833931244272],[-80.1791202944375,25.7872507232089],[-80.1794394804676,25.7873754726324],[-80.1794500595118,25.7876597747873],[-80.1786653833721,25.7878314292429]]]}},{"type":"Feature","properties":{"id":"west-brickell","name":"West Brickell","source":"city_of_miami"},"geometry":{"type":"Polygon","coordinates":[[[-80.1997370587516,25.7619157017535],[-80.2005706170281,25.7661531705082],[-80.2000507625119,25.7691120096318],[-80.1992942274471,25.7708570786197],[-80.1989904710322,25.7708418221672],[-80.1987086407797,25.7699655276113],[-80.1978382391224,25.7689268432326],[-80.1968957243826,25.7685879641447],[-80.1956683436106,25.7687295847919],[-80.195471999321,25.7622200271837],[-80.1957959361895,25.7605051735217],[-80.1962197785616,25.7598288869179],[-80.1997370587516,25.7619157017535]]]}},{"type":"Feature","properties":{"id":"west-grapeland-heights","name":"West Grapeland Heights","source":"city_of_miami"},"geometry":{"type":"Polygon","coordinates":[[[-80.2562123289515,25.7937141409749],[-80.2557690375647,25.7787993562146],[-80.2640699813067,25.7784746354271],[-80.2642599942887,25.7934778922027],[-80.2562123289515,25.7937141409749]]]}},{"type":"Feature","properties":{"id":"west-grove","name":"West Grove","source":"city_of_miami"},"geometry":{"type":"Polygon","coordinates":[[[-80.2470490787513,25.7315696263637],[-80.2468126278811,25.7271583408076],[-80.2452709326894,25.7271842395345],[-80.2451800527101,25.7263643838336],[-80.2445702093965,25.725895042353],[-80.2452871542712,25.7247971863327],[-80.2496354147813,25.7248918632377],[-80.2581289398868,25.7244703082759],[-80.2584322517165,25.7248451771317],[-80.258611538468,25.727493406149],[-80.2557084868321,25.7275505637557],[-80.2558458744339,25.7309115238804],[-80.2537945442751,25.7309757427857],[-80.2537867434251,25.7313430083001],[-80.2470490787513,25.7315696263637]]]}},{"type":"Feature","properties":{"id":"wynwood-industrial-district","name":"Wynwood Industrial District","source":"city_of_miami"},"geometry":{"type":"Polygon","coordinates":[[[-80.1926115634842,25.8040142017588],[-80.194427934991,25.7955392908649],[-80.1988976281551,25.795404062603],[-80.1991112337631,25.8007021704556],[-80.194992196062,25.8008094231888],[-80.1951295401818,25.8039298042133],[-80.1926115634842,25.8040142017588]]]}},{"type":"Feature","properties":{"id":"aventura","name":"Aventura","source":"municipality"},"geometry":{"type":"Polygon","coordinates":[[[-80.13386216087387,25.974134388479392],[-80.123874,25.974484],[-80.123751,25.975081],[-80.123309,25.975103],[-80.12349,25.96594],[-80.124105,25.959378],[-80.12784910913157,25.94797849860976],[-80.127409,25.947031],[-80.127869,25.944515],[-80.1306657312463,25.940370085965096],[-80.131684,25.938253],[-80.1407325125094,25.93811193720051],[-80.1479611802097,25.9312230966536],[-80.14822503158818,25.937881933519872],[-80.149049,25.937829],[-80.1496115030659,25.9382052070213],[-80.149754,25.93775],[-80.150599,25.937734],[-80.147066,25.94985],[-80.147864,25.974408],[-80.133867,25.974868],[-80.13386216087387,25.974134388479392]]]}},{"type":"Feature","properties":{"id":"bal-harbour","name":"Bal Harbour","source":"municipality"},"geometry":{"type":"Polygon","coordinates":[[[-80.116054,25.8871],[-80.128145,25.88686],[-80.1320082793534,25.8991085186341],[-80.119536,25.899712],[-80.119102,25.899231],[-80.11884,25.895557],[-80.116054,25.8871]]]}},{"type":"Feature","properties":{"id":"bay-harbor-islands","name":"Bay Harbor Islands","source":"municipality"},"geometry":{"type":"Polygon","coordinates":[[[-80.13927465013062,25.886677775457137],[-80.1391979654928,25.8887794584646],[-80.1371738868845,25.8924322242315],[-80.1337772615738,25.8943447084834],[-80.1325239958698,25.8943845029873],[-80.1314562026275,25.8937317471391],[-80.130559,25.892362],[-80.130293,25.890294],[-80.1291709837662,25.8884190421227],[-80.128522,25.886431],[-80.128362,25.882864],[-80.129455,25.881011],[-80.130087,25.880848],[-80.133699,25.883233],[-80.137662,25.884623],[-80.138571,25.8854],[-80.13922018314963,25.886515797312413],[-80.1439821223031,25.8876175240016],[-80.1442299234725,25.8873122239738],[-80.1513632043952,25.8892500663884],[-80.1512831752832,25.8894659087845],[-80.1475982832928,25.8889667986574],[-80.1439851774734,25.8881163723295],[-80.1439444370786,25.8877463343114],[-80.13927465013062,25.886677775457137]],[[-80.1392653795633,25.8866397563502],[-80.1392316900452,25.8865410260546],[-80.1392721932847,25.8866635911326],[-80.1392653795633,25.8866397563502]]]}},{"type":"Feature","properties":{"id":"biscayne-park","name":"Biscayne Park","source":"municipality"},"geometry":{"type":"Polygon","coordinates":[[[-80.178629,25.873929],[-80.182008,25.873796],[-80.1842,25.875917],[-80.187986,25.881237],[-80.191095,25.886144],[-80.191003,25.886515],[-80.1724875599168,25.8871766285674],[-80.178629,25.873929]]]}},{"type":"Feature","properties":{"id":"coral-gables","name":"Coral Gables","source":"municipality"},"geometry":{"type":"Polygon","coordinates":[[[-80.2553711954262,25.7700783169406],[-80.2543141433398,25.742473951057],[-80.2563203849998,25.7423936732338],[-80.2561775771241,25.7387078908581],[-80.2582210916819,25.7386375772644],[-80.2579252378313,25.7321643560529],[-80.2559086457826,25.732227752924],[-80.2556747909579,25.7275564422011],[-80.2586730484744,25.7274509271021],[-80.2585091167148,25.7249873967845],[-80.2616150202501,25.7248391185555],[-80.2609963505139,25.7090159352055],[-80.2004208443564,25.7110530964239],[-80.2212922792098,25.6132994897762],[-80.2834604678233,25.6227702580341],[-80.2833463862738,25.6304457786113],[-80.2928761630671,25.6301875827962],[-80.2930452161221,25.6339174614943],[-80.2980114821017,25.6337766700104],[-80.2980274209098,25.6343277107888],[-80.30119687037,25.6342260597325],[-80.301310944733,25.6373761574953],[-80.2969634832368,25.6374910611074],[-80.2963943403172,25.6386310870332],[-80.2919431602366,25.6386656392388],[-80.2891949029654,25.6427411735788],[-80.2905885789416,25.6435620943957],[-80.2906354620162,25.6450666353094],[-80.2834434869695,25.6452564498969],[-80.2836362744126,25.6526528120332],[-80.2857991454272,25.652617835507],[-80.2846917086332,25.6541478483201],[-80.2840133179986,25.6558204493445],[-80.2839326816255,25.6600469221179],[-80.2880783150335,25.659966597598],[-80.2880764914535,25.6609443570937],[-80.2886981328166,25.6609337149878],[-80.2887084894935,25.6619065443271],[-80.2899933830821,25.6618772044786],[-80.29006548546,25.6641521601766],[-80.2840505405907,25.6642995561239],[-80.2840304291081,25.6637589012719],[-80.2823644962272,25.6638548431007],[-80.2806930467922,25.6646796735766],[-80.2797745454653,25.6661567509865],[-80.2832097938416,25.6685198842409],[-80.2840245208885,25.6699265615003],[-80.2846998347933,25.6896281527007],[-80.2699230181884,25.6901619177769],[-80.268596258616,25.692677136123],[-80.2690015955402,25.7045267909578],[-80.268385002709,25.7045433015156],[-80.2683190762486,25.7023189425695],[-80.2668840391418,25.7023715752914],[-80.2669581294915,25.7051803775839],[-80.2710816338008,25.705032272974],[-80.2710470558489,25.7031366023566],[-80.2720129343239,25.7031102149378],[-80.2720590448474,25.7049850523838],[-80.2772114076179,25.7047855907335],[-80.2772146271799,25.7055407646714],[-80.2792840024381,25.7054619350469],[-80.2792553614519,25.704702422931],[-80.2854008836342,25.7044521210857],[-80.2878538673665,25.7635675537938],[-80.2704485002902,25.7642069356179],[-80.2703765829652,25.7623963795839],[-80.2714020727441,25.7623583545215],[-80.2712205411915,25.7568818878068],[-80.2629878840578,25.7571637249562],[-80.2629510944537,25.7562022105179],[-80.2609023957184,25.7562328370021],[-80.2612653752803,25.7645012659451],[-80.2592189807237,25.7645667845885],[-80.2594078317493,25.7681328475234],[-80.2584160099289,25.7681535899596],[-80.2584674995643,25.7705640839095],[-80.2554571174865,25.7706429512624],[-80.2554459918517,25.7713608997449],[-80.2548356899224,25.7713794412314],[-80.2548522153304,25.7718352987813],[-80.2541727583956,25.7718576981337],[-80.254152991866,25.7714045765899],[-80.2544550261258,25.7713927114976],[-80.2544151472154,25.7700853760491],[-80.2553711954262,25.7700783169406]]]}},{"type":"Feature","properties":{"id":"cutler-bay","name":"Cutler Bay","source":"municipality"},"geometry":{"type":"Polygon","coordinates":[[[-80.309253,25.581627],[-80.30692,25.576801],[-80.30703,25.572384],[-80.310363,25.566943],[-80.310504,25.563075],[-80.3112198042879,25.5595001803451],[-80.313858,25.552187],[-80.347803,25.551791],[-80.34781475765209,25.55456483372575],[-80.3518627902355,25.5545480802196],[-80.3518972585929,25.5592039967282],[-80.3551601121814,25.5592353351284],[-80.356659,25.560469],[-80.3546636070357,25.5636931167352],[-80.35184600784017,25.56652603445759],[-80.3575266519322,25.5664786302045],[-80.35752306708612,25.57014495198163],[-80.359915,25.57012],[-80.3600528806994,25.5705200168608],[-80.3621231461881,25.5705070426737],[-80.36185312262745,25.573055908188064],[-80.3620415602957,25.5741316895051],[-80.363326,25.573933],[-80.362677,25.571803],[-80.362435,25.568595],[-80.36376,25.568423],[-80.37228988601,25.5699592723636],[-80.372427,25.575687],[-80.372762,25.575996],[-80.36571,25.583308],[-80.364433,25.586208],[-80.358753,25.591826],[-80.3566127463863,25.5961780639905],[-80.35531471853,25.5961739799948],[-80.3541851301793,25.5985940174482],[-80.350164,25.598749],[-80.309068460455,25.5997289421129],[-80.308591,25.594267],[-80.310875,25.594254],[-80.31075303308651,25.5864399300465],[-80.309349,25.585364],[-80.309253,25.581627]]]}},{"type":"Feature","properties":{"id":"doral","name":"Doral","source":"municipality"},"geometry":{"type":"Polygon","coordinates":[[[-80.3547348389461,25.8551993645616],[-80.3539162868727,25.826202657388],[-80.321628,25.826209],[-80.320935,25.802775],[-80.320857,25.782613],[-80.3304460555468,25.7824868725688],[-80.3348483286484,25.7832275704456],[-80.3373038510196,25.7833166738964],[-80.3405417943252,25.7823278399172],[-80.35693151187455,25.782560315671102],[-80.3588887341598,25.7822648782778],[-80.3687477201485,25.7822594959163],[-80.3690860425093,25.796831607158047],[-80.385718,25.796819],[-80.385872,25.803874],[-80.3856291604374,25.80733390155634],[-80.386574,25.826133],[-80.387242,25.855233],[-80.3547348389461,25.8551993645616]]]}},{"type":"Feature","properties":{"id":"el-portal","name":"El Portal","source":"municipality"},"geometry":{"type":"Polygon","coordinates":[[[-80.1974189656496,25.858520977367586],[-80.1968736874553,25.8581023023829],[-80.1869890276158,25.8584180177806],[-80.186880812065,25.8569570154848],[-80.1876974408454,25.8552601096263],[-80.1854638517567,25.8551793309629],[-80.1853,25.851508],[-80.1879837788423,25.8514485285686],[-80.1878886229992,25.8521864330819],[-80.188806,25.852952],[-80.18972,25.852923],[-80.191468,25.853512],[-80.197098,25.853025],[-80.207637382038,25.854353096866],[-80.20532722051331,25.854550278092812],[-80.205468,25.858241],[-80.1974189656496,25.858520977367586]]]}},{"type":"Feature","properties":{"id":"florida-city","name":"Florida City","source":"municipality"},"geometry":{"type":"Polygon","coordinates":[[[-80.46901339910083,25.46245400147952],[-80.4689756256168,25.4552747898684],[-80.466891,25.455305],[-80.466858,25.447888380431298],[-80.4606717760985,25.4479137526497],[-80.4606361731688,25.4405594697094],[-80.432074,25.440674],[-80.432075,25.434682],[-80.43602401639549,25.43467319178499],[-80.4360147409248,25.4259586902789],[-80.44015050838286,25.425881086086775],[-80.4401635615555,25.4222898447958],[-80.44217791350155,25.4222749856326],[-80.4422,25.418614],[-80.4605987044383,25.4185598989133],[-80.46062974225693,25.433205252760768],[-80.475811,25.433187],[-80.47717118775356,25.439493681960986],[-80.477714,25.439911],[-80.477845,25.440519],[-80.479186,25.440515],[-80.47919,25.438652],[-80.480281,25.438649],[-80.480304,25.440514],[-80.4852637283298,25.4405087806224],[-80.485219,25.434804],[-80.483264,25.434805],[-80.483269,25.433183],[-80.491307,25.433163],[-80.49132440228455,25.438835946869048],[-80.493323,25.438822],[-80.49342005700105,25.44773350008931],[-80.5015645547804,25.4476852315499],[-80.5015633231902,25.4587468846135],[-80.4975153528232,25.4587487484855],[-80.4975405334989,25.4623976782629],[-80.46901339910083,25.46245400147952]]]}},{"type":"Feature","properties":{"id":"golden-beach","name":"Golden Beach","source":"municipality"},"geometry":{"type":"Polygon","coordinates":[[[-80.12494369987682,25.957034563995062],[-80.1239441021495,25.9609062042388],[-80.123309,25.975103],[-80.118081,25.975242],[-80.118693,25.957144],[-80.12494369987682,25.957034563995062]]]}},{"type":"Feature","properties":{"id":"hialeah","name":"Hialeah","source":"municipality"},"geometry":{"type":"Polygon","coordinates":[[[-80.34694380765482,25.900224277117346],[-80.345053,25.900146],[-80.341878,25.899201],[-80.338927,25.898847],[-80.292017,25.898841],[-80.291787,25.894577],[-80.2898849492408,25.8957917787487],[-80.287858,25.895869],[-80.2872566242465,25.8813308912518],[-80.2594156461939,25.882061717591],[-80.2590534266067,25.8706534376956],[-80.260293,25.870622870028697],[-80.25986921188247,25.848321297062128],[-80.2582286213606,25.8483786593265],[-80.2572103190693,25.828021228479887],[-80.2531808458453,25.8281425432174],[-80.2529746887759,25.8235727943733],[-80.25600299754397,25.823474179944462],[-80.2559251505293,25.8216216204966],[-80.2549252178203,25.8216531228083],[-80.254850442056,25.8197885674251],[-80.255871,25.819748],[-80.255794,25.817878],[-80.25682611927898,25.81784505895081],[-80.2565616859599,25.8104742272397],[-80.258516,25.810406],[-80.2584415858634,25.8059405768112],[-80.322561,25.853659],[-80.32299193897472,25.869761234561917],[-80.3390688366353,25.8697572545626],[-80.33970808058383,25.884172730647204],[-80.355685,25.884118],[-80.356417,25.898747],[-80.372463,25.898661],[-80.3738127235543,25.9277795016996],[-80.349711,25.927919],[-80.348673,25.907746],[-80.34768,25.904462],[-80.348278,25.902637],[-80.34694380765482,25.900224277117346]],[[-80.30221551524255,25.876894732339817],[-80.30206125401348,25.87341364255337],[-80.2910384866455,25.873461272973476],[-80.29132607781744,25.88045824302324],[-80.29435664494497,25.880511890628835],[-80.294468,25.877055],[-80.30221551524255,25.876894732339817]]]}},{"type":"Feature","properties":{"id":"hialeah-gardens","name":"Hialeah Gardens","source":"municipality"},"geometry":{"type":"Polygon","coordinates":[[[-80.3738124538357,25.92777363933521],[-80.37245618742595,25.89874804955736],[-80.3564103191219,25.8987584467409],[-80.35568917996348,25.884235735637986],[-80.3397121588379,25.8842646986261],[-80.338952,25.869803],[-80.322902,25.869762],[-80.3225283378702,25.8536546592112],[-80.358049,25.879604],[-80.362614,25.883003],[-80.36237035774315,25.883186124849896],[-80.3855017857368,25.9003314646983],[-80.375733,25.92723],[-80.375488,25.927788],[-80.3738124538357,25.92777363933521]]]}},{"type":"Feature","properties":{"id":"homestead","name":"Homestead","source":"municipality"},"geometry":{"type":"Polygon","coordinates":[[[-80.41235208000944,25.49958173900698],[-80.4120554478936,25.4802974538843],[-80.4048644780617,25.4803748263695],[-80.40481929051873,25.477882444854433],[-80.4039269854514,25.4778904822709],[-80.4038602819483,25.4407536797929],[-80.460641,25.440553],[-80.460689,25.447795],[-80.466857,25.447769],[-80.4668932966522,25.4552865866196],[-80.469004,25.45527],[-80.46901339910083,25.46245400147952],[-80.49746399445972,25.462397840717134],[-80.497395,25.458746],[-80.501562,25.458743],[-80.50156752424849,25.462374979273402],[-80.505626,25.462342],[-80.5056610431559,25.4659954045939],[-80.5016067369712,25.4660260836312],[-80.5016300877787,25.4696239107002],[-80.4956392527934,25.469707914387],[-80.4956523663999,25.4715596333883],[-80.4936498329854,25.4715872194829],[-80.4937833370096,25.4843598787189],[-80.505847,25.48425],[-80.505862,25.486086],[-80.507872,25.486071],[-80.5079416096425,25.4915735529428],[-80.5039107961991,25.4916081605717],[-80.5039546806973,25.4989014343332],[-80.4979163544778,25.4989330747071],[-80.49783906377841,25.491660575781985],[-80.497019,25.491654],[-80.49702,25.490562],[-80.493821,25.490558],[-80.493812,25.48898],[-80.485617228203,25.489005532314536],[-80.4855877174151,25.4917487884232],[-80.483549,25.491721],[-80.483578,25.489926],[-80.48058194609266,25.48991297671073],[-80.4802664659812,25.4917589177089],[-80.479552,25.491755],[-80.479549,25.489922],[-80.477561,25.489925],[-80.4775505336872,25.4890414613295],[-80.4760620279563,25.4890467263739],[-80.476044,25.488114],[-80.473345,25.488145],[-80.47329910631441,25.483591936172292],[-80.472251,25.483598],[-80.47224426160719,25.482699666968063],[-80.4711482146061,25.4827019623833],[-80.4711265211903,25.4808619942983],[-80.4690662647306,25.4808838757632],[-80.4690711192264,25.4813313554287],[-80.4670810777842,25.4813679909036],[-80.4670865673889,25.4818415255304],[-80.46515057320109,25.481862972445644],[-80.465138,25.484572],[-80.4623004522513,25.4846129575048],[-80.458964,25.484637],[-80.4589071875928,25.480979642921728],[-80.45689669183689,25.480997980659915],[-80.45692,25.482824],[-80.4549074845496,25.482829449934],[-80.4548643357716,25.481012018855],[-80.4326880786669,25.48125336394757],[-80.4278056852286,25.4844526356281],[-80.41980712819607,25.491306264209893],[-80.41793424479808,25.493897449204333],[-80.41679,25.496539],[-80.41532978593018,25.498033963918694],[-80.415093,25.499343],[-80.41235208000944,25.49958173900698]]]}},{"type":"Feature","properties":{"id":"indian-creek-village","name":"Indian Creek Village","source":"municipality"},"geometry":{"type":"Polygon","coordinates":[[[-80.1309968383272,25.8782921045453],[-80.1299743893455,25.8778794852534],[-80.129903111621,25.8781904592379],[-80.1293704555733,25.8781982724531],[-80.1295085293274,25.8772544012732],[-80.1301143032985,25.8772272524143],[-80.1299967852439,25.8777802295524],[-80.1310344130589,25.8779628719397],[-80.1315379358437,25.8765325005646],[-80.1327225127678,25.874941471501],[-80.1344973699702,25.8736440332199],[-80.1365156212072,25.8727710225179],[-80.1401322834569,25.8723228933566],[-80.1414970471556,25.8729448447073],[-80.1422835724925,25.8741008817694],[-80.1425382125362,25.8757675665197],[-80.1421396048918,25.8791909975819],[-80.1408758872895,25.8847413366787],[-80.1346681082646,25.882922682051],[-80.132499729679,25.8818386467612],[-80.1300404945707,25.8800897972973],[-80.1309968383272,25.8782921045453]]]}},{"type":"Feature","properties":{"id":"key-biscayne","name":"Key Biscayne","source":"municipality"},"geometry":{"type":"Polygon","coordinates":[[[-80.16146849202684,25.700399803667803],[-80.153882,25.700407],[-80.154567,25.697167],[-80.1545,25.695592],[-80.155068,25.692163],[-80.154921,25.6874],[-80.15394,25.683188],[-80.15786575046533,25.682792085595917],[-80.157761,25.682609],[-80.15878,25.682419],[-80.160101,25.682545],[-80.17118,25.681436],[-80.180605,25.68427],[-80.1716405833512,25.7004074493536],[-80.162806558932,25.7004032547915],[-80.1628115122425,25.7023266929141],[-80.1605363625971,25.702330812131],[-80.16146849202684,25.700399803667803]]]}},{"type":"Feature","properties":{"id":"medley","name":"Medley","source":"municipality"},"geometry":{"type":"Polygon","coordinates":[[[-80.36239001715236,25.883170237135726],[-80.304862,25.84051],[-80.30528,25.840399],[-80.305803,25.840776],[-80.314129,25.84072],[-80.314091,25.839969],[-80.31503,25.839944],[-80.319756,25.840727],[-80.322093,25.840736],[-80.32201,25.839824],[-80.32303403961247,25.839845871287324],[-80.3224068029988,25.8384868154301],[-80.3222121452633,25.8316563890163],[-80.337977,25.831615],[-80.3382455342707,25.8407124428935],[-80.35435,25.840694],[-80.35481,25.855184],[-80.370791,25.855089],[-80.3711514223043,25.8697200876049],[-80.3872126797468,25.869671687773],[-80.38804170641943,25.88415955941021],[-80.388705,25.884157],[-80.38896,25.88966],[-80.388237,25.893409],[-80.385498,25.90081],[-80.362011,25.883485],[-80.36239001715236,25.883170237135726]]]}},{"type":"Feature","properties":{"id":"miami","name":"Miami","source":"municipality"},"geometry":{"type":"Polygon","coordinates":[[[-80.1613587405953,25.8559426869269],[-80.159397,25.812967],[-80.16904944797137,25.77921265879439],[-80.1359359976432,25.7651677089033],[-80.1377257255568,25.7651232110471],[-80.1370328298253,25.7647757100704],[-80.13863,25.764469],[-80.148897,25.764154],[-80.149088,25.763904],[-80.148821,25.762374],[-80.132179,25.749925],[-80.1338665630962,25.7426181631026],[-80.135541,25.740443],[-80.1381386011428,25.7383352730045],[-80.141564,25.736763],[-80.142669,25.736726],[-80.1445781401211,25.7353098559691],[-80.14857715903472,25.733641901532422],[-80.152799,25.731192],[-80.155162,25.730325],[-80.156655,25.731318],[-80.159346,25.734299],[-80.159182,25.735165],[-80.157695,25.737486],[-80.1576932962325,25.7394233556483],[-80.163272575257,25.7370211437146],[-80.1670677433933,25.74041371309901],[-80.167977,25.739583],[-80.164849,25.736776],[-80.165785,25.73678],[-80.173711,25.743876],[-80.173726,25.730478],[-80.18303153585703,25.73051573329561],[-80.1893728680206,25.7111162334081],[-80.19082151772653,25.711107954663575],[-80.19117,25.709879],[-80.24572626954783,25.70952946977944],[-80.2609963505139,25.7090159352055],[-80.2616150202501,25.7248391185555],[-80.2585091167148,25.7249873967845],[-80.2586730484744,25.7274509271021],[-80.2556747909579,25.7275564422011],[-80.25590828875931,25.73222062129136],[-80.2579252378313,25.7321643560529],[-80.2582210916819,25.7386375772644],[-80.2561775771241,25.7387078908581],[-80.2563203849998,25.7423936732338],[-80.2543141433398,25.742473951057],[-80.2553711954262,25.7700783169406],[-80.2544151472154,25.7700853760491],[-80.2544550261258,25.7713927114976],[-80.254152991866,25.7714045765899],[-80.25417254632701,25.771852836741978],[-80.254849,25.771835],[-80.254832,25.771377],[-80.25544606728668,25.771356031848747],[-80.255407,25.77064],[-80.258464,25.770557],[-80.258407,25.768154],[-80.259406,25.768126],[-80.2592189807237,25.7645667845885],[-80.30527153257178,25.763050226598867],[-80.318409238899,25.762464037645],[-80.3197180312674,25.7620295170341],[-80.3197288326104,25.7627333920545],[-80.3188171539881,25.7627947395378],[-80.318241681539,25.7632398183059],[-80.3172367281458,25.7661620997297],[-80.3154794599567,25.7684273080705],[-80.31317530634148,25.769961316526707],[-80.312547,25.770729],[-80.31185345521389,25.770573703317687],[-80.3095330233059,25.7716487123109],[-80.3095167224767,25.7743670346774],[-80.3084888934848,25.7773148452154],[-80.308367,25.772178],[-80.298208,25.776699],[-80.2906214411113,25.7805973141061],[-80.2884670286334,25.7809589091356],[-80.2806295700375,25.7795586407734],[-80.2781293690573,25.7799396948006],[-80.2769373397096,25.7807325156051],[-80.2696800167175,25.7890165744874],[-80.264694031819,25.7934917366617],[-80.2398201927432,25.7942879455589],[-80.240227,25.808618],[-80.256486,25.80813],[-80.256444,25.806745],[-80.257803,25.806692],[-80.25845,25.807188],[-80.258510419272,25.8090118921598],[-80.2402540089568,25.8095450984236],[-80.24030594236,25.8109634872803],[-80.2280664271566,25.8113242562109],[-80.228772,25.827947],[-80.22513713792586,25.828091954372354],[-80.225213,25.829935],[-80.225737,25.829914],[-80.2257671406779,25.8307848972281],[-80.2253053590111,25.8307956769485],[-80.22526602587666,25.83182643097384],[-80.225567,25.839115],[-80.209401,25.839659],[-80.2096912730356,25.8475027359227],[-80.19692814021009,25.84790702519805],[-80.1971136876548,25.8531512344798],[-80.1918750794304,25.8536731368915],[-80.18990295309,25.8530849685252],[-80.1885824098594,25.8531556419151],[-80.1884544304741,25.8525818962607],[-80.187894,25.852229],[-80.18782,25.851537],[-80.185342048289,25.8516049405092],[-80.1854638517567,25.8551793309629],[-80.1613587405953,25.8559426869269]]]}},{"type":"Feature","properties":{"id":"miami-beach","name":"Miami Beach","source":"municipality"},"geometry":{"type":"Polygon","coordinates":[[[-80.142929,25.759106],[-80.143195,25.762913],[-80.138695,25.763057],[-80.139141,25.763488],[-80.138614,25.764749],[-80.137587,25.764765],[-80.138227,25.765164],[-80.136902,25.765164],[-80.16905,25.779209],[-80.168969,25.7797],[-80.1505049800239,25.8434679984524],[-80.1444803926383,25.8436386379302],[-80.14466567786725,25.848832792250686],[-80.148968,25.852573],[-80.145771,25.871651],[-80.1196269731672,25.8726698954125],[-80.11903,25.867211],[-80.118753,25.847297],[-80.1194025632295,25.8283520132426],[-80.1202082981404,25.818615808744],[-80.121309,25.811933],[-80.121634,25.807133],[-80.122236,25.806272],[-80.122257,25.805513],[-80.123197,25.804075],[-80.1246067228593,25.800349371464],[-80.125728,25.79437],[-80.12668,25.791273],[-80.128509,25.779527],[-80.130225,25.773346],[-80.130788,25.769814],[-80.13069918262971,25.764274158942957],[-80.124923,25.761809],[-80.127553,25.759767],[-80.133606,25.762334],[-80.1344636526043,25.7615883364992],[-80.138007,25.763003],[-80.137853,25.7593],[-80.142929,25.759106]],[[-80.1381706242861,25.7617088603688],[-80.13817478105673,25.761842852039326],[-80.13908820519819,25.761660704509666],[-80.1381706242861,25.7617088603688]],[[-80.14016055931071,25.761149225339157],[-80.1393325726482,25.7611300610312],[-80.13930018766872,25.76149485527043],[-80.140178,25.761455],[-80.14016055931071,25.761149225339157]],[[-80.1401251850949,25.760403437805795],[-80.1392540401294,25.7604077328197],[-80.13926353418361,25.76066789032007],[-80.14009227878113,25.76089352887011],[-80.1401251850949,25.760403437805795]],[[-80.138160044827,25.7612281840119],[-80.1381662029792,25.7615668327062],[-80.139082,25.761519],[-80.1390151403661,25.7611474431505],[-80.138160044827,25.7612281840119]],[[-80.14007933449172,25.75955705430009],[-80.1392291289483,25.7597278483707],[-80.13924383574785,25.76013087912135],[-80.140109,25.760094],[-80.14007933449172,25.75955705430009]],[[-80.13911363794713,25.762483282213307],[-80.138654,25.762236],[-80.13910323879409,25.762077571862164],[-80.1381837558589,25.7621257566623],[-80.13821970091634,25.762719443686215],[-80.138672,25.762788],[-80.138663,25.762507],[-80.13911363794713,25.762483282213307]],[[-80.1404295180181,25.7621406662455],[-80.14049401986439,25.762704587195852],[-80.14135770978812,25.762611651615387],[-80.14133425962297,25.762098679252347],[-80.1404295180181,25.7621406662455]],[[-80.1408621798965,25.7617065457305],[-80.140845,25.761424],[-80.1413,25.761403],[-80.1412712726769,25.7610642152588],[-80.1404009956095,25.7610911480514],[-80.1404079943838,25.7617276784336],[-80.1413073256949,25.761819586256404],[-80.1408621798965,25.7617065457305]],[[-80.1397669503089,25.762170970823],[-80.140208,25.762002],[-80.14019330529257,25.761736800558957],[-80.1393117694628,25.7617766539299],[-80.13934722738998,25.762592862817876],[-80.140238,25.762555],[-80.14021630206028,25.76215062930523],[-80.1397669503089,25.762170970823]],[[-80.13905202407395,25.760902526719825],[-80.13901120723962,25.759734176485434],[-80.1380936126151,25.7597772753296],[-80.13812607811772,25.760725900006886],[-80.13905202407395,25.760902526719825]],[[-80.14038232144186,25.760849344547196],[-80.14126003676955,25.760806191464194],[-80.14119299147984,25.759411112427994],[-80.1403236623416,25.7594103577621],[-80.14033795238231,25.760361890652508],[-80.1408021140451,25.7604752520502],[-80.140345676456,25.7604930250314],[-80.14038232144186,25.760849344547196]],[[-80.14151218115765,25.761217875248718],[-80.142104,25.761189],[-80.1421332017005,25.7616180028916],[-80.1415314418512,25.7616427430827],[-80.1415801413194,25.7626342598457],[-80.14277281970992,25.762609461976403],[-80.14272427337029,25.76102469029707],[-80.1414940943933,25.7608156808755],[-80.14151218115765,25.761217875248718]],[[-80.142572231736,25.7593181247633],[-80.1414346627524,25.7594157953661],[-80.14144425357573,25.759715806943152],[-80.142014,25.759682],[-80.1420329254603,25.7599552180365],[-80.1414565484077,25.7599899939431],[-80.1414871235009,25.760664907673874],[-80.142708,25.76075],[-80.142572231736,25.7593181247633]]]}},{"type":"Feature","properties":{"id":"miami-gardens","name":"Miami Gardens","source":"municipality"},"geometry":{"type":"Polygon","coordinates":[[[-80.201083837867,25.942706215104],[-80.195144,25.942883],[-80.192842,25.941471],[-80.189888,25.941431],[-80.192904,25.93908],[-80.198187,25.936837],[-80.202982,25.932893],[-80.20297884787068,25.93339656587006],[-80.2051639292936,25.9315588463925],[-80.2085774363809,25.931414068654217],[-80.208444,25.928799],[-80.227973,25.912248],[-80.258084,25.911295],[-80.2582891246916,25.9147923903132],[-80.2927023246865,25.9132436382082],[-80.293174,25.925024],[-80.281327,25.925367],[-80.276728,25.925127],[-80.27832,25.956475],[-80.278436,25.970834],[-80.278764,25.970968],[-80.1980048253998,25.9730609203406],[-80.19835919425829,25.97100193968842],[-80.1981369253573,25.9624154854965],[-80.19860559417744,25.96034027273536],[-80.197675,25.957542],[-80.20155893176192,25.957360326516696],[-80.201083837867,25.942706215104]]]}},{"type":"Feature","properties":{"id":"miami-lakes","name":"Miami Lakes","source":"municipality"},"geometry":{"type":"Polygon","coordinates":[[[-80.3253940211188,25.9274005509329],[-80.3252495594446,25.9222799200043],[-80.32417435043126,25.92228643598867],[-80.322515,25.923781],[-80.320066,25.924525],[-80.293174,25.925024],[-80.2919657474761,25.8988440037684],[-80.340361457532,25.8987778192008],[-80.3451605587153,25.8999884716355],[-80.3467463492965,25.8999180703035],[-80.3478526551116,25.9011630220589],[-80.3484529623851,25.9025645855524],[-80.3477327416993,25.9045415888344],[-80.3487240011743,25.9075645580648],[-80.3497099336396,25.9279275001045],[-80.325926,25.928079],[-80.3253940211188,25.9274005509329]]]}},{"type":"Feature","properties":{"id":"miami-shores","name":"Miami Shores","source":"municipality"},"geometry":{"type":"Polygon","coordinates":[[[-80.1937336497358,25.8729555777466],[-80.18973620163587,25.873085409451853],[-80.1897466516204,25.873492390934],[-80.1772466833751,25.8739929445574],[-80.1737061084301,25.8747423141283],[-80.17357620206501,25.8723171687467],[-80.1438797484967,25.8735010870885],[-80.1445322209387,25.8716074457313],[-80.1464801457671,25.860878115912],[-80.1475888593939,25.86084645444812],[-80.147816,25.859481],[-80.171201,25.859716],[-80.171187,25.859291],[-80.18102,25.859057],[-80.180957,25.857783],[-80.184004,25.857698],[-80.18397,25.856433],[-80.184476,25.85642],[-80.18444,25.855198],[-80.18787,25.855102],[-80.187008,25.857011],[-80.187099,25.858411],[-80.193697,25.858101],[-80.196872,25.858098],[-80.1973986045168,25.8581579960511],[-80.1974189656496,25.858520977367586],[-80.2033921003121,25.8582240206926],[-80.2035479130981,25.8620283167505],[-80.201538,25.862138],[-80.201849,25.869431],[-80.202358,25.869437],[-80.2026253963019,25.8766662734745],[-80.208599,25.876559],[-80.208793,25.88017],[-80.1940704946112,25.8808487088002],[-80.1937336497358,25.8729555777466]]]}},{"type":"Feature","properties":{"id":"miami-springs","name":"Miami Springs","source":"municipality"},"geometry":{"type":"Polygon","coordinates":[[[-80.304089,25.839986],[-80.2618147938912,25.8084591878685],[-80.26286825455179,25.808312152723328],[-80.258792,25.805282],[-80.259682,25.803758],[-80.260883,25.803202],[-80.2642829124394,25.8028889671223],[-80.264296,25.803443],[-80.2628620947302,25.80348572926011],[-80.26290497150914,25.804794889603375],[-80.264651,25.804758],[-80.264754,25.808041],[-80.265008,25.808192],[-80.2891785329659,25.807581351589],[-80.2892887203187,25.811655375833],[-80.3055355822753,25.8116800748576],[-80.306048,25.839091],[-80.304089,25.839986]]]}},{"type":"Feature","properties":{"id":"north-bay-village","name":"North Bay Village","source":"municipality"},"geometry":{"type":"Polygon","coordinates":[[[-80.1613589103769,25.8559464006612],[-80.1524044874551,25.8561791555356],[-80.1446821776074,25.84929533423],[-80.14466567786725,25.848832792250686],[-80.143452,25.847583],[-80.143168,25.843374],[-80.160935,25.842783],[-80.1613589103769,25.8559464006612]]]}},{"type":"Feature","properties":{"id":"north-miami","name":"North Miami","source":"municipality"},"geometry":{"type":"MultiPolygon","coordinates":[[[[-80.15064712566824,25.889125465722476],[-80.1496372712398,25.8886197297235],[-80.1448723752075,25.8874625287703],[-80.151699,25.881237],[-80.1597118645748,25.881007843508],[-80.164853,25.883804],[-80.165566,25.883773],[-80.16430953049965,25.887531233147634],[-80.19107193449932,25.88644406739925],[-80.1930966840122,25.8842916785711],[-80.1937682593763,25.884495837031185],[-80.2024740652109,25.8841135872208],[-80.20256332996384,25.885912804918377],[-80.20950853048771,25.885605373475617],[-80.20942,25.883802],[-80.226737,25.883098],[-80.2270541542905,25.8903788303367],[-80.2264354046043,25.8904039048779],[-80.22644002451784,25.890848903060323],[-80.2270738264969,25.890831686544],[-80.227433,25.899095],[-80.219372,25.899422],[-80.2193163893395,25.897959085978655],[-80.21127854691842,25.89827885734358],[-80.2116280533646,25.9055726153397],[-80.2075290155703,25.9057643505087],[-80.20736245218853,25.902106906839435],[-80.2033599963205,25.9022771793234],[-80.20287693533123,25.89225006014047],[-80.1987930541769,25.892440566319973],[-80.198897163294,25.8951788119898],[-80.198213021645,25.8952833624059],[-80.1982361264154,25.89567489725958],[-80.1989221122044,25.8956507867847],[-80.199039,25.89884],[-80.1929772260458,25.8991240897695],[-80.193076,25.900955],[-80.193823,25.900919],[-80.193886,25.902267],[-80.1931322294497,25.9023189072895],[-80.193148,25.902818],[-80.19103532961564,25.902904511906048],[-80.1912323123868,25.9065422030963],[-80.18819312629338,25.90668333554121],[-80.188411,25.910273],[-80.17935970271655,25.91060848675905],[-80.1794437568459,25.9123701325489],[-80.17844,25.912408],[-80.1783333053057,25.9106503431924],[-80.17733337328427,25.910687569803173],[-80.177433,25.912441],[-80.1754177152533,25.9125249132659],[-80.1751325109304,25.9071955433976],[-80.163113873489,25.9076010820352],[-80.163474,25.914804],[-80.1575347498731,25.9150477844531],[-80.159112,25.905151],[-80.160656,25.902658],[-80.16275929448274,25.90044406510314],[-80.15062041987464,25.90083563891354],[-80.150705,25.902718],[-80.157387,25.90246],[-80.156898,25.905127],[-80.1558745141077,25.905185155527],[-80.15548413121937,25.90736563376632],[-80.158334,25.907265],[-80.157957,25.908581],[-80.15502920538174,25.908648723895233],[-80.1552823940797,25.9132833520022],[-80.1571089367503,25.9132157502305],[-80.15674182203814,25.915484880145147],[-80.1574039866087,25.9154688182059],[-80.1572344969725,25.9160146376895],[-80.1566411264897,25.9160330232001],[-80.15653430885901,25.916615098562396],[-80.1570539104475,25.9165963286447],[-80.155664233771,25.921071688316],[-80.155646,25.92065],[-80.153629,25.920701],[-80.153764,25.923451],[-80.154569,25.923434],[-80.154128,25.924853],[-80.1527974707475,25.9249149070447],[-80.152824,25.925464],[-80.153954,25.925413],[-80.153735,25.926117],[-80.1398208797686,25.9267127208883],[-80.1331548377781,25.9298201974176],[-80.1307852284839,25.9302627027356],[-80.130427,25.929969],[-80.1298001862644,25.92257072055654],[-80.126192,25.917921],[-80.125849,25.908858],[-80.13138033905109,25.9014228812652],[-80.130023,25.901459],[-80.1441935084658,25.8881648753224],[-80.15056907015463,25.889334862475604],[-80.15064712566824,25.889125465722476]],[[-80.1369047821681,25.9237954471361],[-80.13658358731278,25.924871952169163],[-80.1405817743739,25.9247349929463],[-80.14065775170381,25.926126842759782],[-80.14097,25.926109],[-80.14073013789105,25.92095298651832],[-80.1403942133291,25.9209176128414],[-80.1396882318388,25.9220653204572],[-80.1376094772708,25.9236395501201],[-80.1369047821681,25.9237954471361]],[[-80.2252211437499,25.8940861663124],[-80.22120731893095,25.894241953691097],[-80.22138580964922,25.89786489783094],[-80.22537800853068,25.897708210037077],[-80.2252211437499,25.8940861663124]]],[[[-80.2255269419507,25.9013793024649],[-80.225391,25.899925],[-80.227465,25.899851],[-80.227543,25.901318],[-80.2255269419507,25.9013793024649]]]]}},{"type":"Feature","properties":{"id":"north-miami-beach","name":"North Miami Beach","source":"municipality"},"geometry":{"type":"MultiPolygon","coordinates":[[[[-80.15719396421122,25.954682692334142],[-80.1569481805352,25.951786766306],[-80.159057,25.951708],[-80.158898,25.948737],[-80.1568007346578,25.9486691406648],[-80.156772,25.947973],[-80.158852,25.947896],[-80.158841,25.947568],[-80.15876722505861,25.946216701484925],[-80.1566782969795,25.9462869159362],[-80.15625400002807,25.937389447783236],[-80.1497514246546,25.9377878436627],[-80.149612,25.938206],[-80.14906124044063,25.93783716029375],[-80.148225628958,25.9378970093866],[-80.14795237018114,25.931231254528587],[-80.1400927459062,25.9385090779598],[-80.132387430387,25.9385324329165],[-80.131684,25.938253],[-80.130435,25.932908],[-80.130336,25.930271],[-80.133248,25.92965],[-80.139075,25.926646],[-80.150576,25.925916],[-80.15357622843497,25.92609848510504],[-80.15378668528108,25.92542017063081],[-80.1528233916351,25.9254658146525],[-80.152791,25.924915],[-80.15395715265946,25.924860922614144],[-80.1543917683744,25.9234428631507],[-80.1537477877068,25.9234607692108],[-80.1536284959287,25.9207004358945],[-80.1556481476392,25.920633975154],[-80.15566329919051,25.92104625782786],[-80.157032,25.916608],[-80.156514,25.916616],[-80.156621,25.916032],[-80.157138,25.916013],[-80.157310473264,25.915471790792274],[-80.156738,25.915485],[-80.157081,25.913335],[-80.155273,25.91337],[-80.1550234546991,25.9086488346302],[-80.1577921913874,25.908590751988914],[-80.1581878798819,25.9072726406274],[-80.155474,25.907366],[-80.155868,25.905184],[-80.15681920903766,25.905131360276556],[-80.157269096484,25.9025582890791],[-80.1505744099139,25.9027257402468],[-80.1505137736322,25.9008390790904],[-80.1627618991876,25.900443981081],[-80.1601577532476,25.903310654658],[-80.1591033260384,25.9052173280728],[-80.157556,25.91504],[-80.179518,25.914138],[-80.17966331278605,25.916932576466483],[-80.181674,25.91685],[-80.18172,25.91777],[-80.182695,25.917735],[-80.18276203336563,25.918641999192765],[-80.183754,25.918618],[-80.18424993754729,25.92875474828353],[-80.2083605896221,25.9278024839195],[-80.2085781148715,25.9314253586839],[-80.2036240309454,25.9316231350738],[-80.2026044808271,25.9325761509986],[-80.201887,25.932377],[-80.20208182934644,25.93168916285523],[-80.20051913745999,25.931749495411314],[-80.20060446753942,25.9335477511021],[-80.2015064278345,25.9335106819143],[-80.1997644363952,25.934980716153],[-80.19943819804668,25.934662123673505],[-80.19925927792755,25.9348153040465],[-80.1995796771957,25.9351365125345],[-80.1984094679263,25.9361321765615],[-80.1967946509816,25.9371501275286],[-80.1929560581444,25.9386442031752],[-80.1894455821513,25.9413106541766],[-80.1888892968183,25.941339524258],[-80.1884698940734,25.9331873682656],[-80.1864341472479,25.9332419851821],[-80.18640217155814,25.932352744655045],[-80.1823657626661,25.9325422780945],[-80.1823342856985,25.931620099099],[-80.1803412780193,25.9316851859218],[-80.18023108446657,25.9289308891667],[-80.1762003598682,25.9290960176932],[-80.176038,25.925418],[-80.1700270745981,25.925655769103223],[-80.17021150201538,25.931214792993483],[-80.172251,25.93117],[-80.172371,25.934435],[-80.172636,25.934783],[-80.174369,25.934718],[-80.17444354637388,25.93654079621949],[-80.180529,25.936309],[-80.18058211953804,25.93769378318221],[-80.1825458452361,25.9376131063973],[-80.1825683947464,25.9380658087127],[-80.1820654113679,25.938083644586985],[-80.18220867054563,25.941713420352812],[-80.188792,25.941449],[-80.1888641134477,25.9432385831392],[-80.18755971504325,25.943297210483646],[-80.185097,25.94736],[-80.18249985036296,25.945358270628223],[-80.1788075412156,25.9455158071962],[-80.18057488585457,25.943834042072297],[-80.1803361028249,25.9436170128321],[-80.16282509137979,25.944264261962786],[-80.162898,25.946069],[-80.1650289289611,25.9460134073753],[-80.1651490364096,25.9479143222362],[-80.1632033753357,25.9479954324283],[-80.1629708688823,25.9490307767386],[-80.1607823428814,25.9491616912],[-80.1609610213848,25.9521541438341],[-80.1617046674382,25.9523730446496],[-80.1621291600375,25.953532555985],[-80.162006,25.956683],[-80.158690902305,25.9571455794454],[-80.15860026248595,25.95579653831039],[-80.15719396421122,25.954682692334142]],[[-80.19865676001308,25.935509443214634],[-80.19850983190703,25.931821636041278],[-80.1964849972116,25.9319148920473],[-80.19665,25.93556],[-80.19865676001308,25.935509443214634]],[[-80.19267061050316,25.937507694997826],[-80.192635,25.936664],[-80.194673,25.936556],[-80.194633,25.935665],[-80.1905869051945,25.9358508737978],[-80.190665,25.937672],[-80.19267061050316,25.937507694997826]]],[[[-80.1365833685527,25.9248726853575],[-80.136881,25.92364],[-80.140372,25.920569],[-80.140727,25.920879],[-80.1409759685953,25.9261244517767],[-80.140655,25.926127],[-80.140569,25.924736],[-80.1365833685527,25.9248726853575]]]]}},{"type":"Feature","properties":{"id":"opa-locka","name":"Opa-Locka","source":"municipality"},"geometry":{"type":"Polygon","coordinates":[[[-80.22797601023746,25.91224791058701],[-80.227372,25.89761],[-80.24359569261728,25.8972681277255],[-80.2433251521822,25.8900111770018],[-80.25966799783447,25.88935396594193],[-80.259412,25.882057],[-80.275027,25.881637],[-80.2761801156206,25.9106721894528],[-80.22797601023746,25.91224791058701]]]}},{"type":"Feature","properties":{"id":"palmetto-bay","name":"Palmetto Bay","source":"municipality"},"geometry":{"type":"Polygon","coordinates":[[[-80.2980274209098,25.6343277107888],[-80.29800912145983,25.63377673693357],[-80.29304,25.63392],[-80.2928765020891,25.63019506276114],[-80.2877861918863,25.6303253615435],[-80.287646,25.629713],[-80.289523,25.629129],[-80.292207,25.629144],[-80.29374,25.628588],[-80.294653,25.627558],[-80.29711,25.628004],[-80.299138,25.626629],[-80.299431,25.625637],[-80.29926210183241,25.622970419079515],[-80.2989487797776,25.6224669817171],[-80.297722,25.622087],[-80.29835,25.621496],[-80.298255,25.620547],[-80.298878,25.619193],[-80.300209,25.619004],[-80.301344,25.617686],[-80.30341402888298,25.617687381839424],[-80.305342,25.616378],[-80.30539485865337,25.615912028379185],[-80.3044734457244,25.6157587680568],[-80.30447,25.61536],[-80.30605867148019,25.614680308664212],[-80.30612064217586,25.61431281808538],[-80.305804374378,25.6142414254819],[-80.306315,25.614182],[-80.306859,25.612115],[-80.30685113520966,25.61090557803559],[-80.306134,25.610908],[-80.306134,25.60769],[-80.30810653961318,25.607665777292205],[-80.3087981690641,25.6067970236096],[-80.309399,25.606776],[-80.30946474497965,25.606157375939567],[-80.3090468424977,25.6058993557496],[-80.309304,25.605664],[-80.310003,25.599707],[-80.3541851301793,25.5985940174482],[-80.3467626573122,25.6148835048627],[-80.3455958293014,25.6191325462483],[-80.3341303887851,25.6438499886282],[-80.2906354620162,25.6450666353094],[-80.29058610974752,25.643560639959485],[-80.28919,25.642736],[-80.291943,25.638662],[-80.296392,25.638626],[-80.296979,25.637436],[-80.3013,25.637356],[-80.30119312214129,25.634226179946253],[-80.2980274209098,25.6343277107888]]]}},{"type":"Feature","properties":{"id":"pinecrest","name":"Pinecrest","source":"municipality"},"geometry":{"type":"Polygon","coordinates":[[[-80.292848,25.689373],[-80.2846998347933,25.6896281527007],[-80.28399,25.670119],[-80.28327431784669,25.66863128897576],[-80.279773,25.666146],[-80.280686,25.664657],[-80.282344,25.663826],[-80.2840304291081,25.6637589012719],[-80.28405006643634,25.66428680948263],[-80.29006,25.664139],[-80.2899933830821,25.6618772044786],[-80.2887084894935,25.6619065443271],[-80.28868005912378,25.660934024397957],[-80.28807,25.660926],[-80.28807,25.659966758707537],[-80.283827,25.660045],[-80.283844,25.655837],[-80.28556521524557,25.652621618471898],[-80.2836362744126,25.6526528120332],[-80.2834434869695,25.6452564498969],[-80.3341303887851,25.6438499886282],[-80.3193006111043,25.6757508858196],[-80.3170627127972,25.6794873608132],[-80.3129064729806,25.6848080751499],[-80.304837,25.691754],[-80.292877,25.690592],[-80.292848,25.689373]]]}},{"type":"Feature","properties":{"id":"south-miami","name":"South Miami","source":"municipality"},"geometry":{"type":"MultiPolygon","coordinates":[[[[-80.2924832255888,25.7300414039911],[-80.29251,25.730598],[-80.293512,25.730564],[-80.293572,25.729996],[-80.298812,25.729797],[-80.2988170409429,25.7335765416283],[-80.293698,25.73377],[-80.29366502010126,25.732648605909286],[-80.2925906236725,25.7326806322825],[-80.293001,25.732521],[-80.292983,25.732061],[-80.292557,25.731985],[-80.29252105883812,25.730953713437525],[-80.2884956579415,25.7311300877537],[-80.288341,25.731523],[-80.288294,25.730193],[-80.2924832255888,25.7300414039911]],[[-80.293067,25.731393],[-80.29343320439374,25.731799827216694],[-80.29355813948679,25.731380421528964],[-80.293067,25.731393]],[[-80.29352148220323,25.73071330493306],[-80.293029,25.730729],[-80.293043,25.730976],[-80.293542,25.73096],[-80.29352148220323,25.73071330493306]]],[[[-80.294794,25.72583],[-80.294979,25.726169],[-80.2948109482378,25.7262096674587],[-80.294794,25.72583]]],[[[-80.2930578149939,25.7251750932461],[-80.2930710489747,25.7255370464182],[-80.292335,25.725567],[-80.292308,25.725201],[-80.2930578149939,25.7251750932461]]],[[[-80.28760708732038,25.731699823359268],[-80.287622725454,25.732087499986],[-80.287178938839,25.7324240020447],[-80.28720707357188,25.733176925297084],[-80.288458,25.732829],[-80.28858928604747,25.733201768090236],[-80.290558,25.733103],[-80.290607866669,25.7338888834273],[-80.2865203587514,25.7340442367072],[-80.286418,25.732385],[-80.28701668564453,25.73242878588868],[-80.28700803909267,25.732109119471907],[-80.286414,25.732157],[-80.286397,25.73122],[-80.2869565123814,25.731202351199],[-80.28712668555863,25.73156722204179],[-80.287109,25.731186],[-80.28803,25.731145],[-80.2880642635858,25.7316824579659],[-80.28760708732038,25.731699823359268]]],[[[-80.29645117378104,25.7261019773519],[-80.296351,25.724231],[-80.297404,25.724213],[-80.2974720895877,25.7261207250887],[-80.29645117378104,25.7261019773519]]],[[[-80.2963040569362,25.7223686154327],[-80.29626798886191,25.72140881651004],[-80.295231,25.721435],[-80.29511222777985,25.71862340591418],[-80.287973,25.71884],[-80.287894,25.717031],[-80.290985,25.716905],[-80.29081636059668,25.71365150745848],[-80.288740120073,25.7133964809962],[-80.28866235231146,25.711574387594318],[-80.2856697844331,25.7117422676501],[-80.2848515377869,25.6896226665715],[-80.2928511422915,25.6893523135058],[-80.29315630461744,25.69670861876454],[-80.29712794128483,25.69657504620181],[-80.297099,25.695612],[-80.299086,25.695538],[-80.299139,25.696492],[-80.305245,25.696238],[-80.30594035107767,25.710812428597833],[-80.3066735051952,25.7107913714262],[-80.306769535099,25.7144960086808],[-80.302116,25.714667],[-80.302592,25.725901],[-80.2997242163106,25.7260154045601],[-80.29963,25.724108],[-80.300476,25.724064],[-80.30041617674553,25.72222863957032],[-80.299365,25.722249],[-80.2992902976891,25.7203688472242],[-80.2982930814854,25.7204069561354],[-80.29820678878619,25.71851702685465],[-80.297226312829,25.718551191631825],[-80.297431,25.722315],[-80.2963040569362,25.7223686154327]]],[[[-80.288026,25.720768],[-80.2881082073729,25.7227087520326],[-80.2860721892562,25.7227804727024],[-80.285994,25.720843],[-80.288026,25.720768]]],[[[-80.2997958821074,25.733530404589],[-80.2997,25.731642],[-80.3008059478129,25.7315946461467],[-80.3008819560657,25.7334979078015],[-80.2997958821074,25.733530404589]]],[[[-80.290121,25.73153],[-80.290002,25.731992],[-80.289975,25.731536],[-80.290121,25.73153]]],[[[-80.289548,25.731552],[-80.289718,25.732002],[-80.289574834635,25.7320119111292],[-80.289548,25.731552]]],[[[-80.28823876974418,25.726049727912518],[-80.2885821998393,25.7260629728843],[-80.2885884449272,25.7264174966691],[-80.2862204103798,25.726504879352],[-80.286139,25.724751],[-80.288168,25.724683],[-80.28823876974418,25.726049727912518]]],[[[-80.29176119668512,25.724854818203397],[-80.291744,25.724567],[-80.29227728142,25.7245510485071],[-80.2922920820626,25.7248728567205],[-80.29176119668512,25.724854818203397]]]]}},{"type":"Feature","properties":{"id":"sunny-isles-beach","name":"Sunny Isles Beach","source":"municipality"},"geometry":{"type":"Polygon","coordinates":[[[-80.118583,25.921446],[-80.12862,25.921049],[-80.129899,25.922882],[-80.130427,25.929969],[-80.130973,25.930212],[-80.130336,25.930271],[-80.1304321734629,25.9327908198479],[-80.131684,25.938253],[-80.12784910913157,25.94797849860976],[-80.128315,25.948982],[-80.128016,25.950617],[-80.126511,25.951936],[-80.125138,25.957027],[-80.1161473453209,25.957139732543],[-80.117103,25.939819],[-80.1178228021405,25.9340494476987],[-80.118583,25.921446]]]}},{"type":"Feature","properties":{"id":"surfside","name":"Surfside","source":"municipality"},"geometry":{"type":"Polygon","coordinates":[[[-80.1203284341784,25.87817889008201],[-80.119625,25.872621],[-80.131184,25.872178],[-80.132269,25.872648],[-80.1323584911602,25.8737229119616],[-80.1304204469016,25.876147687004],[-80.1301143032985,25.8772272524143],[-80.1295085293274,25.8772544012732],[-80.12937093801989,25.878194974451716],[-80.129903111621,25.8781904592379],[-80.129700397794,25.8788768773635],[-80.1273946829711,25.8827377714296],[-80.127676,25.886876],[-80.1205370060759,25.8870948631205],[-80.1198089350128,25.8818414803483],[-80.1203284341784,25.87817889008201]]]}},{"type":"Feature","properties":{"id":"sweetwater","name":"Sweetwater","source":"municipality"},"geometry":{"type":"Polygon","coordinates":[[[-80.368643,25.784222],[-80.3692744904345,25.7780285348126],[-80.3727438837748,25.7787959361127],[-80.3758765076982,25.7781015746021],[-80.37496856595463,25.768392184672958],[-80.360989,25.76875],[-80.3606933534459,25.76512137379],[-80.358696976186,25.765179791432],[-80.3586321851961,25.7642873362309],[-80.36061733867665,25.764221027521412],[-80.360397,25.761549],[-80.368408,25.7613],[-80.36844163704052,25.761702546207907],[-80.384666319734,25.7613860548538],[-80.3849662770889,25.7709401835791],[-80.3845515033626,25.7709424915656],[-80.384557,25.773401],[-80.383777,25.775097],[-80.383827,25.77535],[-80.3849001152699,25.7753349495365],[-80.38435299643842,25.782238],[-80.384747,25.782238],[-80.384646,25.782592],[-80.394541,25.782682],[-80.39626,25.782211],[-80.4171735058001,25.7824136114168],[-80.4169150218653,25.7848171748184],[-80.417301,25.796658],[-80.369095,25.797134],[-80.368643,25.784222]]]}},{"type":"Feature","properties":{"id":"unincorporated-miami-dade","name":"Unincorporated Miami-Dade","source":"municipality"},"geometry":{"type":"MultiPolygon","coordinates":[[[[-80.2913279292513,25.8805025794016],[-80.2910339717443,25.8734612936287],[-80.3020809832895,25.8734135573013],[-80.302221391765,25.8770467943803],[-80.2944640970285,25.877059498353],[-80.2943564968238,25.8805166497025],[-80.2913279292513,25.8805025794016]]],[[[-80.1401029399881,25.7608963693751],[-80.1392637122901,25.760672770821],[-80.1392540401294,25.7604077328197],[-80.1401266635964,25.7603706755417],[-80.1401029399881,25.7608963693751]]],[[[-80.2654784326403,25.3543014261188],[-80.3415532721823,25.3224560526945],[-80.3721236581565,25.3101864619598],[-80.3719311878187,25.3050973051786],[-80.3735410703175,25.3051449886198],[-80.3748201868404,25.3059082094266],[-80.3801803991065,25.3060350473833],[-80.3803039866283,25.2867872258164],[-80.3951055446327,25.2729528670165],[-80.3949606203263,25.253540619062],[-80.4109903693602,25.2534719732989],[-80.4133862921056,25.2504013147393],[-80.4186812103252,25.2447577314385],[-80.418887123053,25.2363294698823],[-80.4268829025311,25.2364191710684],[-80.4282591934116,25.2360554384472],[-80.4284968543981,25.2356920443967],[-80.4303558576915,25.2360531461615],[-80.4312527374677,25.2366834426591],[-80.4322685658657,25.2369040346102],[-80.433433095986,25.2367400458023],[-80.4343051813621,25.2356652048252],[-80.4362981234644,25.2354811541123],[-80.4364742175146,25.2359171829071],[-80.4359700560277,25.2363037534336],[-80.4359969938081,25.2368584687332],[-80.4351896724724,25.2373821421343],[-80.4354199493072,25.2382871648825],[-80.4349229644611,25.2388372143464],[-80.4343436804603,25.2389063697277],[-80.4344653824183,25.2400648099577],[-80.4351578505517,25.2406673070679],[-80.4350797222748,25.2410026964737],[-80.4370101622945,25.2410244272032],[-80.4382991539974,25.2399117664453],[-80.4397089161054,25.2397947595208],[-80.4391774611052,25.2403183804565],[-80.4387352968476,25.2415729651389],[-80.4393531068961,25.2428348431743],[-80.4408686905445,25.2436903919344],[-80.4412662130241,25.24425579478],[-80.4438182432029,25.2445264845095],[-80.445365033426,25.2434751790578],[-80.445903898629,25.2419815513135],[-80.4458250499032,25.2413978353479],[-80.444788760578,25.2406313298621],[-80.4444579577712,25.239904102442],[-80.4475854235683,25.2407286585108],[-80.4489722445006,25.240751899003],[-80.4506618955999,25.2402457075324],[-80.4520734040328,25.2389369869869],[-80.4534095509999,25.2383639342987],[-80.4542675858267,25.2389586083901],[-80.4552255034316,25.239120189844],[-80.4565367886248,25.2388202797714],[-80.4573687444606,25.2376267450349],[-80.4574434869872,25.2368481547341],[-80.4563333884849,25.2351959639752],[-80.4568624431867,25.2351053883572],[-80.4590577451797,25.2365244858368],[-80.4607976426462,25.2368220833003],[-80.4638231316922,25.2359028888108],[-80.4646804703246,25.2348946197556],[-80.4657898268184,25.2350543555412],[-80.4671514365322,25.234731921877],[-80.4682100409074,25.2336069837078],[-80.4686363427137,25.2300527000536],[-80.4698971515712,25.230463690478],[-80.4708555461815,25.2304174225239],[-80.4720897244824,25.2288099258464],[-80.4726697244405,25.2285591089088],[-80.4744870351249,25.2306223066129],[-80.4758743959446,25.2308033376936],[-80.4771845456674,25.2295866165202],[-80.4804112393707,25.2282320910309],[-80.481418079226,25.2261202582052],[-80.4824761994093,25.2248822279026],[-80.4849985753023,25.2255232158296],[-80.4854030669118,25.2267143428852],[-80.4873211506048,25.2287325945595],[-80.489162459782,25.2288224630635],[-80.4900945849584,25.2281800062224],[-80.4906989777698,25.22728361321],[-80.4936492203343,25.2273501544081],[-80.4941787852792,25.2271216942191],[-80.4955386378883,25.2253992038263],[-80.4960420070611,25.2240012202366],[-80.4960409614221,25.2227391808416],[-80.4944510188277,25.2213182288549],[-80.4950541153701,25.2193448170826],[-80.494674886183,25.2183366098458],[-80.4949768135433,25.2175090688407],[-80.4948742618704,25.2160187281121],[-80.4940167543547,25.2156070988445],[-80.4929563407725,25.2141157124099],[-80.491821154121,25.2134751650152],[-80.4902322706403,25.21301817746],[-80.4891987553127,25.2134322488003],[-80.4887442607795,25.2124915236814],[-80.4872314502304,25.2124273849332],[-80.488220756768,25.2096138674455],[-80.48788611546,25.2091755352722],[-80.4879859703903,25.2082577134746],[-80.4874539386718,25.2072854233996],[-80.4882349501494,25.2069855404821],[-80.4888402915817,25.2074685577106],[-80.489722987858,25.2074896645357],[-80.4906058386445,25.2079261708035],[-80.4921939244212,25.2075116743443],[-80.4921420835445,25.2059740349912],[-80.4927720388156,25.2055834106295],[-80.49385639789,25.2060657319931],[-80.4935551649275,25.2070513214612],[-80.4942613898611,25.207600102043],[-80.4946900120158,25.2074864297112],[-80.4949156400691,25.2064531158911],[-80.495697849001,25.2066364473333],[-80.4955215734911,25.2073944241138],[-80.4958506847702,25.2085401269832],[-80.4966324382563,25.2087008344954],[-80.4969601248073,25.2083565383238],[-80.4978177868333,25.2089058185578],[-80.4984752871459,25.2107412983492],[-80.4988789011014,25.2111061396798],[-80.5006078615793,25.2111954839818],[-80.5013405032705,25.2095431267873],[-80.5005349767687,25.2083957428103],[-80.4986494273604,25.2081026784832],[-80.4974378928929,25.2073241633261],[-80.4968574680316,25.2067962039744],[-80.49673071844,25.2060845705943],[-80.4955705406573,25.205328829755],[-80.4960722138108,25.2028516067764],[-80.4953378545408,25.1995032402928],[-80.4979855759587,25.1999366864801],[-80.4992977819251,25.2008081479334],[-80.5004910680159,25.2022480022381],[-80.500060815419,25.2038766143394],[-80.5002609295216,25.20481868131],[-80.5015734876276,25.2036717388503],[-80.503112220861,25.2031463751805],[-80.5037901443716,25.2056456437589],[-80.5048732520928,25.2065884301632],[-80.5061586936537,25.2070488067419],[-80.5081509422565,25.2065225822863],[-80.5068883152089,25.2085616115571],[-80.5071892104049,25.2101226011102],[-80.5084736934633,25.2117749983889],[-80.5095318046635,25.2122797341017],[-80.5103119025545,25.2140929593386],[-80.5103358965557,25.2155605009651],[-80.5106378643402,25.2160649592826],[-80.5114188910892,25.2167087495665],[-80.5129060682118,25.2170072187966],[-80.5140148686484,25.2179500236493],[-80.5145947617071,25.2178345543511],[-80.514872965459,25.2173296905169],[-80.5154025932859,25.2173991864626],[-80.5152757511677,25.2180647443418],[-80.5145442117094,25.2185681211429],[-80.5146438941632,25.2195549819891],[-80.5156517661827,25.2204049212706],[-80.517139370005,25.2206581199292],[-80.5191800476831,25.222380652273],[-80.520642938852,25.2222905587748],[-80.5218033151623,25.2216260252313],[-80.5243000513405,25.2211690601642],[-80.524830643958,25.2195855773024],[-80.5265723218854,25.2178891353296],[-80.5285900754558,25.2169496336582],[-80.5291970787713,25.2147955165607],[-80.5290717736707,25.2135105455848],[-80.5309117254935,25.2148416368532],[-80.5326252142873,25.2139042938223],[-80.5332313929494,25.2142235911353],[-80.5361565572461,25.2139505851252],[-80.538299572798,25.2142959155111],[-80.5396365866394,25.213516733709],[-80.5406214950253,25.2114540285268],[-80.5406741551656,25.20865468668],[-80.5403216634346,25.2080349978247],[-80.5393131446281,25.2074381121514],[-80.5389363390956,25.2061996600956],[-80.5380537173795,25.2058085829261],[-80.5386600945693,25.2041127324192],[-80.5383331284672,25.2034457376122],[-80.5372998529897,25.2027110067642],[-80.5368470850185,25.2017252886825],[-80.5357125200012,25.2010376117744],[-80.5358401723997,25.198927095966],[-80.5365449726053,25.200739954397],[-80.5378301015525,25.2014506233274],[-80.5394417609189,25.2039526520156],[-80.5411554832746,25.2057189258127],[-80.5422391991552,25.2062235053912],[-80.5434999280626,25.2062025535873],[-80.5456435185363,25.2049877825072],[-80.5479371420355,25.2061823056461],[-80.548087887425,25.2068239764792],[-80.5495993343316,25.2086370009736],[-80.5490437604643,25.2105859414218],[-80.5482105586653,25.2121004821705],[-80.5484367284027,25.2131555544619],[-80.5491928134279,25.2140496418549],[-80.5506048006628,25.2140968482318],[-80.5517649425129,25.2136374979703],[-80.5538321878655,25.2139846920141],[-80.5548658909411,25.213409797937],[-80.5553456344219,25.2125398408605],[-80.5579682146899,25.2116468964684],[-80.5611956818427,25.2123360714598],[-80.5619519644973,25.2121983278004],[-80.5623556709792,25.2116937404817],[-80.5622557720314,25.2105013943348],[-80.5614745018389,25.2094921604575],[-80.5593089242003,25.2044444204003],[-80.5585556500037,25.1993059378468],[-80.5639267004436,25.1970225458169],[-80.5655257537516,25.1951135000685],[-80.5651641611885,25.1927714980538],[-80.5653910001708,25.1926570258331],[-80.5687942532517,25.1931636518759],[-80.57275032866,25.1971554377436],[-80.5749689931386,25.1979813858067],[-80.5772093097105,25.200754385927],[-80.5772359887762,25.2022255509373],[-80.5770589452067,25.2031890568723],[-80.5764285102352,25.2035800489857],[-80.5760002518983,25.2031205029739],[-80.5751698187069,25.1994268194362],[-80.5746153964799,25.198671197395],[-80.5732542431102,25.1981886662873],[-80.5712622891548,25.1985305543523],[-80.5695721664399,25.2007087991928],[-80.5690159592604,25.2041727571316],[-80.5650825501433,25.2041476556701],[-80.56382178171,25.2050876617563],[-80.5635432689376,25.2071751424718],[-80.564702468455,25.2082780903002],[-80.565483267032,25.209585340527],[-80.5674492462009,25.2111917689233],[-80.568407141348,25.2115580401435],[-80.5692646219142,25.2113980239854],[-80.5707278706125,25.2102982806621],[-80.5722908520703,25.2107814212856],[-80.5738543015503,25.210047640122],[-80.5745602794473,25.210070050968],[-80.5764000911329,25.211791139431],[-80.5771056953307,25.2120888721909],[-80.5798542813853,25.2117242085459],[-80.5823764821069,25.2105551227776],[-80.5829815845873,25.2096153442227],[-80.5824528371094,25.2081238518451],[-80.5837385185204,25.2079400227916],[-80.5841422339855,25.2074580770396],[-80.5841427577033,25.2067468734231],[-80.5832855412418,25.2052340761263],[-80.5837406403411,25.2031470489909],[-80.5834134595416,25.2011954876008],[-80.5838424616836,25.2005532441387],[-80.5876237833282,25.2006925599561],[-80.5896660088036,25.1997296682653],[-80.5915827827528,25.1992495700731],[-80.5927932778695,25.1980563810486],[-80.5928438476301,25.1972301709474],[-80.5941806216213,25.1951658250041],[-80.5943571136252,25.1935836961998],[-80.5940304960693,25.1914741055076],[-80.5946359515877,25.1903717614379],[-80.5958207629721,25.1895937962268],[-80.5986693485858,25.1892268151173],[-80.5999551764223,25.1884694698555],[-80.6034850182963,25.1875984493096],[-80.6064346634812,25.1864052396254],[-80.607190750303,25.1856735064283],[-80.6080482838698,25.1836529026353],[-80.6092832715528,25.1826221529978],[-80.6102669187041,25.1803286797907],[-80.6120063032325,25.1789289697022],[-80.6121074652116,25.1778974565674],[-80.6144519719834,25.1757633243263],[-80.6172500022095,25.1763372514659],[-80.6190143868523,25.1773690249481],[-80.6192412482925,25.178013062111],[-80.6178040857718,25.1804657107749],[-80.6196191264134,25.1820033949906],[-80.6212828314724,25.1811542241019],[-80.6218374989396,25.1803067618104],[-80.6231229189409,25.1812018293818],[-80.6240811976685,25.181361797424],[-80.6251899684607,25.1825549524427],[-80.6247865665077,25.1828293523084],[-80.6226942303109,25.1826908346844],[-80.6214587638259,25.1836087922833],[-80.6197197727595,25.1829450572292],[-80.6142748736167,25.1825539907389],[-80.6129641507688,25.1820267247425],[-80.6111236312107,25.1822318837769],[-80.609585879836,25.1828509942503],[-80.6090567757269,25.1836533334877],[-80.6090815225164,25.1842493870634],[-80.6098124645951,25.1853508484252],[-80.6097367384132,25.185924107722],[-80.6074679147041,25.1878280851752],[-80.6040894596167,25.1888824159174],[-80.6032576295451,25.1905802652525],[-80.6041140357262,25.193149487692],[-80.6057272276185,25.1948019357115],[-80.6057265089663,25.1967277308864],[-80.6041379704387,25.1997781400694],[-80.6039362753012,25.200949361379],[-80.6040116295805,25.2016133080104],[-80.6049187223033,25.2027378828679],[-80.6068097011291,25.2031063952185],[-80.60852441253,25.2027384437011],[-80.6094574557847,25.2017294283159],[-80.6099362138137,25.2002609778134],[-80.6110961140169,25.2007201143933],[-80.6120790955166,25.2005827054739],[-80.6141718296671,25.2009268049857],[-80.6149032469546,25.2007210491307],[-80.6160626701524,25.1997125794991],[-80.6182816984487,25.1989552604229],[-80.6195924904669,25.1975791260625],[-80.6212566842095,25.199206687858],[-80.6225422883654,25.1991851219761],[-80.6240043288296,25.1977845694085],[-80.6242063150213,25.1954686380979],[-80.6253155466493,25.1950086599223],[-80.6282404100104,25.197485976632],[-80.6294500014219,25.1977170528961],[-80.6307611815123,25.1969821184076],[-80.6311141412655,25.1953303014793],[-80.6336852336947,25.1941604502527],[-80.6342402281486,25.1923714548702],[-80.6365090806039,25.1925779165851],[-80.6388532945249,25.19088142578],[-80.6441978832915,25.1906956563559],[-80.6471221959853,25.189526420681],[-80.6475007792837,25.1914305987036],[-80.6482821186465,25.1921639628962],[-80.6516354092279,25.1924835220766],[-80.6524412510383,25.1914511401079],[-80.6527439662211,25.1896165116068],[-80.6543316046368,25.1882181803949],[-80.6542803925808,25.1847999198232],[-80.6551880557337,25.1845017634593],[-80.6563478553257,25.1850056903818],[-80.6593730676906,25.1847756134706],[-80.6599019005085,25.1844314130478],[-80.6608595513137,25.1819772524611],[-80.6639844012167,25.1794986098477],[-80.6642613266659,25.1774109124578],[-80.662445601508,25.1749797415982],[-80.660907518655,25.174477234161],[-80.6598489609921,25.1744296595872],[-80.659193809774,25.1747510424725],[-80.6582613576107,25.1761734696482],[-80.6583122669345,25.1774356495279],[-80.6579592299261,25.1775048276103],[-80.6557910624446,25.1758539733773],[-80.6516567190631,25.1753498647128],[-80.6445743887866,25.1772091280844],[-80.6430621459727,25.1781040761365],[-80.63807090054,25.1785615377949],[-80.6355251118557,25.1784017993977],[-80.6336345776959,25.1763380457452],[-80.6354747657756,25.1759475564074],[-80.6365330665202,25.1763384839403],[-80.637843845962,25.1762220012304],[-80.6402888059421,25.1766591959659],[-80.6450779142663,25.1747088361702],[-80.6474970063596,25.1715877154262],[-80.6498912007464,25.1674143326988],[-80.6517803595855,25.1621605566152],[-80.65175475221,25.1605304876161],[-80.6510740340405,25.1593615829498],[-80.6509479348291,25.1574580869824],[-80.6516785759722,25.1567463565016],[-80.6553327491732,25.1557592379963],[-80.6564159844552,25.1542920256542],[-80.6562389732251,25.1502322347618],[-80.6559362050417,25.1493826466398],[-80.6524580818735,25.1473199843264],[-80.6522848480592,25.1465821665692],[-80.6528107514709,25.1460812782681],[-80.6566662730596,25.1449320720664],[-80.6573969429488,25.1452544174233],[-80.6571195351042,25.1462855585584],[-80.6575485974334,25.1466996468934],[-80.6579768126512,25.1466057901491],[-80.6586317285108,25.145230100748],[-80.6583291804147,25.1434187212931],[-80.6591604023268,25.1426372727914],[-80.6640485849454,25.1414451031685],[-80.6677531707018,25.142290993601],[-80.6690636725641,25.1421314069337],[-80.6702226250448,25.1414882984596],[-80.6712805547852,25.1400434472421],[-80.6730943674299,25.1385980186106],[-80.6736992462298,25.1384819780393],[-80.6745056261311,25.1388268489507],[-80.6751107259166,25.1402709094797],[-80.6745827159556,25.142245185766],[-80.6709290916252,25.1441494370465],[-80.669291627254,25.1465818689467],[-80.667553660267,25.147729375543],[-80.6658653099282,25.1496560380351],[-80.6656394177703,25.1508724470842],[-80.6642031661412,25.1513771383132],[-80.6619099909013,25.1540156612835],[-80.6588865877434,25.1550246912181],[-80.6566180640716,25.1562860703699],[-80.6555096669785,25.1578932097286],[-80.6549557190619,25.1595445478135],[-80.6538468431668,25.1610365365786],[-80.6530659592498,25.1628702334072],[-80.6531165209256,25.1638343725496],[-80.6535707324895,25.1646595569895],[-80.6563185971969,25.1669303972622],[-80.6569991339067,25.1683994657726],[-80.6578059009819,25.1691329287333],[-80.6589151308133,25.1690181123472],[-80.6619139470818,25.1673880171154],[-80.6645103163065,25.167364603258],[-80.6661985911868,25.1666753461609],[-80.6698281388709,25.1670424057483],[-80.6699042001243,25.1676386495024],[-80.668014237293,25.1699554439456],[-80.6679895785385,25.1708268011631],[-80.6716965286607,25.1745873747811],[-80.6727800900311,25.1743346453402],[-80.6732588085342,25.1738999975078],[-80.6734853627506,25.1734173227564],[-80.6734088873738,25.1711233080453],[-80.6740637933519,25.1700230595835],[-80.6740128516887,25.1688534084792],[-80.6725761356307,25.1680509677526],[-80.6723240072765,25.1674994780075],[-80.6752220999439,25.1667879386451],[-80.6771117025507,25.164538903524],[-80.6780688853337,25.1639426722582],[-80.6796569234997,25.1640341691758],[-80.6804389842097,25.1647899848816],[-80.6800107034148,25.1665568248626],[-80.6781214592357,25.1689662721294],[-80.6775181947084,25.1728662881748],[-80.6784515388987,25.1746089954229],[-80.6802409658767,25.1745631712672],[-80.6810478461396,25.1743775411884],[-80.682005124144,25.1728195007705],[-80.6837945214776,25.1723356908516],[-80.6846507614704,25.1710280733339],[-80.6867925499237,25.1701791772049],[-80.6881026619172,25.1688702641699],[-80.6902699553379,25.1685248383096],[-80.6931683444493,25.1672867817037],[-80.6936969931126,25.1668724632278],[-80.6942259570845,25.1657243959886],[-80.6956120539746,25.1647383754],[-80.6961407421637,25.1638431942637],[-80.6978540539893,25.1629481106293],[-80.698609601822,25.1618478680852],[-80.6986077908184,25.1590483115745],[-80.6980523570883,25.1574667790611],[-80.6975972525991,25.1544382506197],[-80.7002677328346,25.1533578009941],[-80.7024098940887,25.153197282311],[-80.7035186370332,25.1527389440722],[-80.7046765501631,25.1509259342972],[-80.7053813638434,25.1490218098808],[-80.704673136565,25.1451213753959],[-80.7032104448221,25.1438383254937],[-80.7032341621423,25.1414519894343],[-80.704065126238,25.1404196258647],[-80.7064589271627,25.1397763684992],[-80.7069884651581,25.1400280790139],[-80.7079973325109,25.1413124335064],[-80.7078462116257,25.1422536365931],[-80.7086033503746,25.1438129147895],[-80.7087567628623,25.1468408254511],[-80.7102197312862,25.1489252454711],[-80.7109020861861,25.1513807177741],[-80.7118601178771,25.1519989587192],[-80.7129686299545,25.1515405509278],[-80.7139011872206,25.1519058329981],[-80.7148601037521,25.1533730301249],[-80.7173316745259,25.155391643572],[-80.7178860051248,25.1556658882858],[-80.7216155532663,25.1548601733593],[-80.7261750593904,25.1525634661194],[-80.7272086654479,25.1528837064442],[-80.7272600589636,25.1537326888044],[-80.7265802930083,25.1546278774629],[-80.7259264820765,25.1566698665494],[-80.723004859837,25.1593326954475],[-80.7228041043373,25.1599512595483],[-80.723082598245,25.1615570350626],[-80.7249502603994,25.165294783585],[-80.7255302666458,25.1657767099658],[-80.7287575721018,25.1670356989825],[-80.7317069289275,25.1674474582758],[-80.731984137346,25.1671950636407],[-80.7299880170043,25.1651282160496],[-80.7292592847812,25.1636184468729],[-80.7295334577925,25.1602007802822],[-80.7299110232996,25.1597634379048],[-80.730692632157,25.159649720938],[-80.7341967067554,25.1609768516218],[-80.7356835622811,25.1605866293762],[-80.7372701388881,25.1590700162809],[-80.7378248521694,25.1594593278384],[-80.7381539526686,25.1609974054765],[-80.7388351810812,25.1616144780849],[-80.7410782986002,25.1623707267044],[-80.7424410608525,25.1640212659144],[-80.7459207255297,25.1653954588324],[-80.7472813695546,25.1648197670776],[-80.7474782245693,25.1601647101797],[-80.7471996498132,25.1587193523475],[-80.744525583503,25.1559445215717],[-80.7437422759314,25.1539043523212],[-80.7414733282548,25.1527354215705],[-80.7394302942957,25.1510860006063],[-80.7384721512136,25.1508111170353],[-80.7362053559004,25.1521211077539],[-80.7309889306737,25.1529267358736],[-80.7296028912757,25.151761890739],[-80.7285924249217,25.1502921119999],[-80.7263491735537,25.1498116027593],[-80.7223658773956,25.1475194461379],[-80.72125578069,25.1462123822575],[-80.7215579964095,25.145501727079],[-80.7277312549745,25.1449013888829],[-80.730627948965,25.1430643586755],[-80.7319382801474,25.1430396455357],[-80.7349126999695,25.1436569032938],[-80.7390448532584,25.1430817424432],[-80.7405560522299,25.1425063707026],[-80.7429002769308,25.1426414217505],[-80.7441612115524,25.1436505465428],[-80.7457510463489,25.1460577277728],[-80.7476669651021,25.1470431788763],[-80.7487519871332,25.1480971068931],[-80.7490549188099,25.1488087569065],[-80.7514553304368,25.1513979141474],[-80.7526394034061,25.1519033651159],[-80.7545300525502,25.1513330439311],[-80.7563176092358,25.1527169926726],[-80.7549531491676,25.156517549186],[-80.7553539100737,25.1591777860182],[-80.7574445888789,25.1604184446914],[-80.7610222193294,25.1615914859187],[-80.7659615897494,25.1622835118],[-80.7711044815819,25.1609797770846],[-80.7721892341185,25.1598097522229],[-80.7724677989931,25.1585706411859],[-80.772370471922,25.1565445712679],[-80.7705311075973,25.1539371034632],[-80.7701550710228,25.1515275170552],[-80.7687954645521,25.1500826635107],[-80.7689999920776,25.1468250880842],[-80.7714876121523,25.1404424723884],[-80.7736937442344,25.1389144644641],[-80.7770970116883,25.1374249474581],[-80.7780039355278,25.1377018210723],[-80.7784061678743,25.1386416922745],[-80.7755310568069,25.1416220755217],[-80.7735381335693,25.1443057113868],[-80.772577166184,25.148295888442],[-80.7727514698919,25.1505901080776],[-80.7741095285653,25.1542383236254],[-80.775846528965,25.1566477296551],[-80.7769269336555,25.1607312954369],[-80.7780597083305,25.1625437684158],[-80.7802255213277,25.1647234013613],[-80.7822162877103,25.1652772761458],[-80.7851404656569,25.1650485157284],[-80.7872328665324,25.1644311230754],[-80.7901816493346,25.164708519196],[-80.7924249662795,25.1644565514385],[-80.7936099384624,25.1639298868809],[-80.7958036791834,25.162117769486],[-80.7972925909528,25.1598034239583],[-80.7984036820934,25.1563618206316],[-80.7985829750444,25.151774335059],[-80.7979560318244,25.1467275062805],[-80.7998986080836,25.1433344837833],[-80.8005287079834,25.1429899126645],[-80.8010575578693,25.1435640054078],[-80.8005513284606,25.1473247820369],[-80.8007018295084,25.1486570550518],[-80.8011546594633,25.1501026402361],[-80.8025874687482,25.1523252470195],[-80.8025640918896,25.1528770110968],[-80.801125394148,25.1566161615018],[-80.8001383208222,25.1631983854487],[-80.7992803111483,25.1648723912165],[-80.7977670289836,25.1665929621833],[-80.7971352025217,25.1690463324999],[-80.7953433159565,25.1726697905495],[-80.7948125140316,25.1750102952687],[-80.793903866325,25.1762484880714],[-80.7952883192982,25.1794609162879],[-80.79622034566,25.1804240828333],[-80.7978585493447,25.1812277525825],[-80.8029250340724,25.1820090083416],[-80.8055458743037,25.1835477331439],[-80.8081921485357,25.1842149393581],[-80.8085959313744,25.183802282324],[-80.8081425345825,25.1830679451161],[-80.808370379678,25.1815533619187],[-80.8114717071952,25.1799046249879],[-80.8119504436646,25.1800181401506],[-80.8120510540781,25.1805917334564],[-80.8093775555031,25.1833675780194],[-80.8095790036039,25.1838713112784],[-80.8123016714659,25.183299090192],[-80.8133106403285,25.1824966218039],[-80.8135624066615,25.1829777932555],[-80.8144196761237,25.1827485888591],[-80.8136888400462,25.1817407321454],[-80.8128847777983,25.1770820913798],[-80.8130365652336,25.176072935003],[-80.811398270819,25.1754297176453],[-80.810441036832,25.1745818407612],[-80.8092575423778,25.1721961710607],[-80.8092584362015,25.1704057791922],[-80.8099654651274,25.1682957270636],[-80.814302035449,25.1653391404145],[-80.8213608999336,25.1628642695558],[-80.8244870317325,25.1611227571655],[-80.8265289203396,25.1605043160893],[-80.8271587246937,25.1609159120522],[-80.8271834068044,25.1620403454286],[-80.8281405105357,25.1635315775995],[-80.8287446140895,25.1661241835432],[-80.8300291339789,25.1681192503203],[-80.8342117995362,25.1726868692881],[-80.8382190474748,25.174797796616],[-80.8417980649241,25.1762669296733],[-80.8453018008577,25.1763586872513],[-80.8464108384496,25.177070973162],[-80.85167900484,25.1773246879415],[-80.854805048604,25.1767272363237],[-80.8581699642834,25.1766006543835],[-80.8579940876255,25.2430033040642],[-80.8619942514497,25.2429033056275],[-80.862193353151,25.3641991248457],[-80.8731935750463,25.3639991143124],[-80.8734928308169,25.4840950006096],[-80.8731646196498,25.5003943331119],[-80.8733744319642,25.5597520706946],[-80.8730116158956,25.7503845368984],[-80.8735767505325,25.9083064923753],[-80.8729945218541,25.9505508474057],[-80.8729482828715,25.9794388985169],[-80.6800411913373,25.9787533614537],[-80.6800191817145,25.9568616453238],[-80.2947634075963,25.956910562656],[-80.2951782531878,25.9703208138378],[-80.2786127659864,25.9708207440693],[-80.2767098413639,25.9249117650601],[-80.2815063823487,25.9250982924772],[-80.2973519749527,25.9245371767191],[-80.3197082171729,25.9244077545858],[-80.3220674590103,25.9237858425415],[-80.3239182463121,25.9222879880315],[-80.3252495594446,25.9222799200043],[-80.3253940211188,25.9274005509329],[-80.3259544315155,25.9280357854728],[-80.3272852344049,25.9277950375418],[-80.3754793499346,25.9277753483054],[-80.3855017857368,25.9003314646983],[-80.3850658715078,25.8999970632118],[-80.3878794893007,25.8919945720711],[-80.3883498732347,25.8886997961621],[-80.3881405693667,25.8841630261313],[-80.3878722246251,25.8841660172608],[-80.3872126797468,25.869671687773],[-80.3711514223043,25.8697200876049],[-80.3707447531786,25.8551829630735],[-80.3870797551359,25.8551512077683],[-80.3851293599405,25.7968041368655],[-80.4172591134501,25.7967918165376],[-80.4169150218653,25.7848171748184],[-80.4171735058001,25.7824136114168],[-80.3955514952892,25.7822196353724],[-80.3945438164075,25.7826863979585],[-80.3852161767228,25.7828125399649],[-80.3843292332119,25.7825378228948],[-80.3849001152699,25.7753349495365],[-80.3834786579952,25.7753603930716],[-80.3843835202011,25.7741664250596],[-80.3845515033626,25.7709424915656],[-80.3849662770889,25.7709401835791],[-80.384666319734,25.7613860548538],[-80.3604253294028,25.7618589185763],[-80.3606174844319,25.7642228206107],[-80.3586321851961,25.7642873362309],[-80.358696976186,25.765179791432],[-80.3606933534459,25.76512137379],[-80.3609926631154,25.7687494464428],[-80.3749976624995,25.7683914408868],[-80.3758765076982,25.7781015746021],[-80.3727438837748,25.7787959361127],[-80.3692744904345,25.7780285348126],[-80.3687457788892,25.7822594959163],[-80.3588887341598,25.7822648782778],[-80.3568964334547,25.7825656106634],[-80.3405417943252,25.7823278399172],[-80.3373038510196,25.7833166738964],[-80.3348483286484,25.7832275704456],[-80.3304460555468,25.7824868725688],[-80.3219101541226,25.7826249709711],[-80.3214536590413,25.7837754792497],[-80.3219295846822,25.7967393720261],[-80.321719698706,25.7967392644567],[-80.321393602173,25.8006318987668],[-80.3215516167298,25.8058090708401],[-80.3216206037503,25.8070715667792],[-80.3230420583301,25.8088256164989],[-80.3231453151804,25.8099114986255],[-80.3217983147681,25.8114585145085],[-80.3216656919911,25.8131310384929],[-80.3220062064844,25.824328599778],[-80.3236295349663,25.8257355454436],[-80.3244261555704,25.8257445814859],[-80.3244491964591,25.8262038152906],[-80.3539162868727,25.826202657388],[-80.3543263507319,25.8406784749017],[-80.3382455342707,25.8407124428935],[-80.337988290011,25.8316434384066],[-80.3222121452633,25.8316563890163],[-80.3224068029988,25.8384868154301],[-80.3230347828746,25.8398474817398],[-80.322144618005,25.8398562717298],[-80.3221644572981,25.8407749546773],[-80.3191674125072,25.8407721807423],[-80.3162792453255,25.8401870172668],[-80.3141183973169,25.8401107866095],[-80.3141375413139,25.8408125810651],[-80.3060977928959,25.8408043384948],[-80.3061164787521,25.84141194091],[-80.3041516790711,25.8399415989553],[-80.3061806552943,25.8386843287486],[-80.3055355822753,25.8116800748576],[-80.3052886012677,25.8116818167767],[-80.3051176779203,25.8063642565364],[-80.3045717321963,25.8070106125888],[-80.3031384126683,25.8071081307059],[-80.3031453422724,25.8073201854075],[-80.2985194371741,25.807633598828],[-80.2891785329659,25.807581351589],[-80.2645941427527,25.808385231907],[-80.2645045699391,25.8047391350088],[-80.26290523995,25.8048030859308],[-80.2628614623512,25.8034664207785],[-80.2642965300008,25.8034205543318],[-80.2642829124394,25.8028889671223],[-80.2603754951767,25.8033925789689],[-80.2593406772919,25.8041103874391],[-80.2587706396502,25.8051717183482],[-80.2630182650807,25.8084271216096],[-80.2618147938912,25.8084591878685],[-80.2584415858634,25.8059405768112],[-80.2584739701293,25.8076955546989],[-80.257707191559,25.8068220596508],[-80.2565682104238,25.8068415167292],[-80.256607818043,25.8081355180879],[-80.2402243402979,25.8086266995803],[-80.2398201927432,25.7942879455589],[-80.264694031819,25.7934917366617],[-80.2696800167175,25.7890165744874],[-80.2769373397096,25.7807325156051],[-80.2781293690573,25.7799396948006],[-80.2806295700375,25.7795586407734],[-80.2884670286334,25.7809589091356],[-80.2906214411113,25.7805973141061],[-80.2974726995438,25.7769510032035],[-80.3083699933722,25.7721729073521],[-80.3084888934848,25.7773148452154],[-80.3095167224767,25.7743670346774],[-80.3095330233059,25.7716487123109],[-80.3128605331369,25.7701558797419],[-80.3152081992836,25.7686714159387],[-80.3170837378664,25.7664481224534],[-80.3182878441648,25.7631709099401],[-80.3188171539881,25.7627947395378],[-80.3197288326104,25.7627333920545],[-80.3197180312674,25.7620295170341],[-80.318409238899,25.762464037645],[-80.3038889227488,25.7629999320729],[-80.3035359468259,25.748017401223],[-80.3014925777952,25.7480701229545],[-80.3015525780697,25.7500182683452],[-80.2995319040763,25.750080526983],[-80.2995701570361,25.7520402653195],[-80.2975641857689,25.7520829621747],[-80.2975712680866,25.7530738184453],[-80.2955722003725,25.7531338035579],[-80.2955395627816,25.7521323348698],[-80.2942580666215,25.7521618110596],[-80.2943160717377,25.7534637312489],[-80.2955763434026,25.7534294218927],[-80.2956039369532,25.7540952061042],[-80.2936111484629,25.7541502067514],[-80.293628030502,25.7547952195015],[-80.2956183881511,25.7547359075725],[-80.2956293996999,25.7550901929126],[-80.2918689890385,25.7552014384272],[-80.2919024207401,25.7561594051101],[-80.2875757525478,25.7562977040542],[-80.2865203587514,25.7340442367072],[-80.290607866669,25.7338888834273],[-80.2905903216732,25.7331345918507],[-80.2885894285824,25.7332058255522],[-80.2885762817382,25.7328315817048],[-80.2872072618216,25.7331819631126],[-80.287178938839,25.7324240020447],[-80.287622725454,25.732087499986],[-80.2876070022416,25.7316998265909],[-80.2880642635858,25.7316824579659],[-80.2880216816447,25.7311496972432],[-80.2871141694087,25.7311877314865],[-80.2871332756765,25.7315813520116],[-80.2869565123814,25.731202351199],[-80.2864081088668,25.7312224510754],[-80.2862204103798,25.726504879352],[-80.2885884449272,25.7264174966691],[-80.2885821998393,25.7260629728843],[-80.2882393605061,25.7260612993057],[-80.2881694832551,25.7246925970956],[-80.2861507478261,25.7247560610748],[-80.2860721892562,25.7227804727024],[-80.2881082073729,25.7227087520326],[-80.2880276644245,25.7207729638946],[-80.285995268315,25.7208473645461],[-80.2856697844331,25.7117422676501],[-80.2886894595826,25.7115728669036],[-80.288740120073,25.7133964809962],[-80.2908187147409,25.7136517966201],[-80.2909946758405,25.716908635402],[-80.287903562168,25.7170347444927],[-80.2879676910995,25.7187297996278],[-80.2951804917895,25.7186223893526],[-80.2952878539407,25.7214381355166],[-80.2962702245859,25.7214087496323],[-80.2963040569362,25.7223686154327],[-80.2973499546417,25.7223201837269],[-80.2971678346926,25.718553229308],[-80.2982083065737,25.7185169739672],[-80.2982930814854,25.7204069561354],[-80.2992902976891,25.7203688472242],[-80.2993737700436,25.7222581339133],[-80.3004180283237,25.7222285871809],[-80.3004780645308,25.7240699531293],[-80.2996355256426,25.724109155011],[-80.2997242163106,25.7260154045601],[-80.3025825207974,25.7259066809368],[-80.3021099476692,25.7146617235254],[-80.306769535099,25.7144960086808],[-80.3066735051952,25.7107913714262],[-80.3059406541965,25.7108187510577],[-80.3052415600896,25.6962370296976],[-80.299133971965,25.6965019404137],[-80.2990809560919,25.6955412920316],[-80.2970943435191,25.6956151304893],[-80.2971354001209,25.6965747785747],[-80.2931566745909,25.6967175374203],[-80.2928900806658,25.6905361849481],[-80.3050058655152,25.6916543822095],[-80.3126605564766,25.6850665769628],[-80.3170627127972,25.6794873608132],[-80.3193006111043,25.6757508858196],[-80.344782770426,25.6209633167337],[-80.3461064388954,25.6177716019407],[-80.3467626573122,25.6148835048627],[-80.35531471853,25.5961739799948],[-80.3566127463863,25.5961780639905],[-80.3587486077553,25.5915591419272],[-80.3641281275117,25.5865121060856],[-80.3658694982153,25.5828292347072],[-80.3723331731286,25.5762755358492],[-80.37228988601,25.5699592723636],[-80.3634227460961,25.5684426858264],[-80.3634982423092,25.5713044951354],[-80.3642354321707,25.5738108025817],[-80.3620415602957,25.5741316895051],[-80.3618459350745,25.5730148748042],[-80.3621231461881,25.5705070426737],[-80.3600528806994,25.5705200168608],[-80.360063771874,25.5701465572693],[-80.3575230362132,25.5701765265869],[-80.3575266519322,25.5664786302045],[-80.3518299855579,25.5665261681615],[-80.3546636070357,25.5636931167352],[-80.3566532657955,25.5605417849716],[-80.3551601121814,25.5592353351284],[-80.3518972585929,25.5592039967282],[-80.3518627902355,25.5545480802196],[-80.347814775851,25.5545698339837],[-80.3478048620436,25.5518459575947],[-80.3138614836372,25.5521919366559],[-80.3112198042879,25.5595001803451],[-80.3105069794319,25.5630794168049],[-80.3103813194967,25.5669470447457],[-80.3072277998615,25.5724309183186],[-80.3073313504609,25.5779610434793],[-80.3094211947311,25.5814632230713],[-80.3094730230314,25.5852849929077],[-80.3107565520791,25.5864431051897],[-80.310875205155,25.5942624481483],[-80.3086434854604,25.5942850202594],[-80.3089801237232,25.5958948898873],[-80.309068460455,25.5997289421129],[-80.3101059355564,25.5997048666142],[-80.3093064690895,25.6056690347972],[-80.3090468424977,25.6058993557496],[-80.3094677005134,25.606159200737],[-80.3094021127178,25.6067811362433],[-80.3087981690641,25.6067970236096],[-80.3085587357016,25.6073735135595],[-80.3081277042653,25.607496577607],[-80.3086045479844,25.6076519595978],[-80.3062909746994,25.6077161517891],[-80.3064300949908,25.6109187428235],[-80.3068551845206,25.6109054514246],[-80.3068620391154,25.6121192777976],[-80.3063173483378,25.6141871127275],[-80.305804374378,25.6142414254819],[-80.306120698139,25.6143128307182],[-80.3060558927761,25.6146967711416],[-80.3044617110318,25.6153938050873],[-80.3044734457244,25.6157587680568],[-80.3053977465747,25.6159125087325],[-80.3052527557929,25.6165177257512],[-80.3033981722108,25.6176981000352],[-80.3015307687712,25.6175867827379],[-80.3002807855112,25.6189661283341],[-80.29879876921,25.6192781850206],[-80.2982575953368,25.6205519693545],[-80.2983523909554,25.621500448454],[-80.2977161762234,25.6220274635313],[-80.2989487797776,25.6224669817171],[-80.2992644756162,25.6229742332108],[-80.2994299911056,25.6257505715145],[-80.2991408880944,25.6266333232687],[-80.2971127131684,25.6280082976522],[-80.2948189746849,25.6275999308233],[-80.2937421794252,25.6285923610415],[-80.2922094604126,25.6291482910069],[-80.2895254767017,25.6291340588744],[-80.2877340797183,25.6296451737647],[-80.2877861918863,25.6303253615435],[-80.2833463862738,25.6304457786113],[-80.2834604678233,25.6227702580341],[-80.2212922792098,25.6132994897762],[-80.2004208443564,25.7110530964239],[-80.1893728680206,25.7111162334081],[-80.1830255276316,25.7305341137503],[-80.1737288277219,25.7304822048122],[-80.1737299982267,25.7445907313996],[-80.1680933887208,25.7395524235072],[-80.1671118130846,25.7404531077925],[-80.163272575257,25.7370211437146],[-80.1576932962325,25.7394233556483],[-80.1576928021591,25.7374468174306],[-80.1593441787391,25.7343669206951],[-80.157294146904,25.7322174174123],[-80.1527168649171,25.7326319328756],[-80.146631983508,25.7343210412938],[-80.1445781401211,25.7353098559691],[-80.1426589182626,25.7367411919585],[-80.141628585666,25.7367411385512],[-80.1381386011428,25.7383352730045],[-80.1355443205012,25.7404480917103],[-80.1338665630962,25.7426181631026],[-80.132182528264,25.7499296884723],[-80.1489105889722,25.7623210138838],[-80.1491997279161,25.7640093167458],[-80.1489900961631,25.7642472827672],[-80.1386055930382,25.7645346619637],[-80.1391313482279,25.7634913474573],[-80.1344636526043,25.7615883364992],[-80.133610702242,25.7623411505654],[-80.1275564920117,25.7597724558521],[-80.1249218087418,25.761788876766],[-80.1306804121583,25.7642504225502],[-80.1308814542205,25.7685347315799],[-80.1305600154523,25.7718093003511],[-80.1283325726368,25.7804905405503],[-80.1272099282633,25.7888221635679],[-80.1257308189103,25.7943750987501],[-80.1246067228593,25.800349371464],[-80.1219799806966,25.8082708661017],[-80.1200523407256,25.820052728788],[-80.1189000142185,25.8400523468722],[-80.1187441160925,25.8586515583742],[-80.1190322102957,25.8672157859448],[-80.1203328190118,25.8781965492945],[-80.1198352763119,25.8822367828719],[-80.1210726687849,25.8890483720817],[-80.1216908893634,25.895311459077],[-80.1215422702862,25.89874612814],[-80.1210501668853,25.8994519251687],[-80.1204479462003,25.8989829765323],[-80.1204697797533,25.8992945115062],[-80.1209571139983,25.899540777083],[-80.1320082793534,25.8991085186341],[-80.1281210625065,25.8868443795629],[-80.1276767099529,25.8868590649385],[-80.1273481628158,25.8834810070494],[-80.1274595063003,25.8825820262433],[-80.1296425822223,25.8790106516594],[-80.1299743893455,25.8778794852534],[-80.1310307497292,25.878073756396],[-80.1300404945707,25.8800897972973],[-80.1327163655963,25.8819764741077],[-80.1351328534735,25.8830808885723],[-80.1408758872895,25.8847413366787],[-80.1419430400329,25.8804825654486],[-80.1425382125362,25.8757675665197],[-80.1419120283927,25.873384399012],[-80.1408677117221,25.8725523335786],[-80.139540838962,25.8722373753051],[-80.1356418029809,25.8730937314931],[-80.1339174948778,25.8740044243379],[-80.1324306375556,25.8752433926714],[-80.1315379358437,25.8765325005646],[-80.1310344130589,25.8779628719397],[-80.1299967852439,25.8777802295524],[-80.1303028798888,25.8764212452921],[-80.1324730676814,25.8733377376513],[-80.1321926882098,25.8725607372071],[-80.1311880860579,25.8721827931862],[-80.1445322209387,25.8716074457313],[-80.1438797484967,25.8735010870885],[-80.1735789087824,25.8723170608371],[-80.1737061084301,25.8747423141283],[-80.178624117811,25.8739412495636],[-80.1724875599168,25.8871766285674],[-80.1641385583774,25.8875381785265],[-80.1654386766134,25.8837711503484],[-80.1648578888327,25.8838075281255],[-80.1597118645748,25.881007843508],[-80.1517015817964,25.8812421961634],[-80.1448723752075,25.8874625287703],[-80.1441582594724,25.8873121447728],[-80.1439821223031,25.8876175240016],[-80.1392198610295,25.8865157227864],[-80.1385740442054,25.8854043068019],[-80.1374222854336,25.8844892196198],[-80.1337016791224,25.8832381145337],[-80.1301651097652,25.8808794550106],[-80.1293877562274,25.8811014228212],[-80.1282709823442,25.8832549380499],[-80.1285255145901,25.8864387631245],[-80.1291709837662,25.8884190421227],[-80.1302960661673,25.890299024454],[-80.1306411243393,25.892578578799],[-80.1322029568519,25.8942476024999],[-80.1337772615738,25.8943447084834],[-80.1371738868845,25.8924322242315],[-80.1391979654928,25.8887794584646],[-80.1392721932847,25.8866635911326],[-80.1439444370786,25.8877463343114],[-80.1441935084658,25.8881648753224],[-80.1300260056435,25.9014637117397],[-80.1313865849897,25.9014226929625],[-80.125851294668,25.9088627313728],[-80.126194594837,25.9179260585566],[-80.1299018899122,25.9228871106286],[-80.1304294570039,25.9299739292157],[-80.1309853551629,25.9303558972124],[-80.1311781713522,25.9337276147116],[-80.1320300356512,25.9383323755211],[-80.1326654742388,25.9385836181503],[-80.1313291521003,25.9385780175197],[-80.1312959324011,25.9367544685659],[-80.1304244470995,25.9327553648279],[-80.1296781662873,25.9228230038135],[-80.1283607500923,25.9210218245404],[-80.1185756397559,25.9215281836282],[-80.1178228021405,25.9340494476987],[-80.117127404601,25.9396557466597],[-80.1161473453209,25.957139732543],[-80.11869961535,25.9571516848098],[-80.1181493352547,25.9751673501382],[-80.1105177336911,25.9750157592675],[-80.1099077632401,25.7503822754405],[-80.0712712381415,25.7503821476013],[-80.0728593230199,25.7448054588126],[-80.0764546107556,25.7379006657392],[-80.0817957859242,25.7303839819849],[-80.0880329784863,25.7243421914791],[-80.0912271621595,25.7219082852075],[-80.0895050890649,25.7168415025589],[-80.0884871271681,25.7103597116168],[-80.0888041219706,25.7020579511408],[-80.0902761049884,25.6949272573914],[-80.0941633173438,25.6867435618126],[-80.0970906250208,25.6820267719727],[-80.0953715783504,25.6782027796004],[-80.0942794641201,25.6720580742224],[-80.0941484142932,25.6630853403529],[-80.0965045758075,25.6527577002519],[-80.100352591972,25.6446421148921],[-80.103576879987,25.6400911916452],[-80.1036839465925,25.6381753159094],[-80.0981086839356,25.6387712159905],[-80.0904132337149,25.6383002287497],[-80.0805950923255,25.6360583611883],[-80.0721497958792,25.6324314857438],[-80.064893378389,25.6284626683264],[-80.0613203500076,25.625386790016],[-80.060241286951,25.6253867207646],[-80.0554700501602,25.6200799690442],[-80.0467527429476,25.6063944938671],[-80.0435136048826,25.5980557036753],[-80.0427586005307,25.5889190953957],[-80.0438177034709,25.5791244877263],[-80.048234004664,25.5669029031495],[-80.0567042742752,25.5552173425837],[-80.065812552554,25.5481825308302],[-80.0797902736962,25.5415388214652],[-80.0919496564813,25.5389938228042],[-80.0996721379073,25.5385498650131],[-80.1080383987782,25.5393128771401],[-80.1156845027438,25.5411932550138],[-80.1159677496377,25.5336349795028],[-80.1180048556143,25.5257532341167],[-80.1168608609814,25.519184562858],[-80.1173529455176,25.5127687306803],[-80.1192022200565,25.5046190071792],[-80.1206431546031,25.5003911790862],[-80.1224191481743,25.5003911580053],[-80.1250402947312,25.4947303431306],[-80.1273663168694,25.4928294296817],[-80.1247712412187,25.4875906883196],[-80.1248983672045,25.4823838069133],[-80.12635138499,25.4745561575199],[-80.1294724979014,25.4659884629405],[-80.1375598255884,25.4508689890746],[-80.1385996120551,25.4429143203798],[-80.141153879039,25.4374174839469],[-80.1417608652866,25.434715644699],[-80.1311204231541,25.4282368698479],[-80.1271363391735,25.4245840141382],[-80.1247709699275,25.4231240927289],[-80.1213770692071,25.419367294272],[-80.1185798196169,25.4155064334627],[-80.1164146498135,25.4116084831904],[-80.1117543913421,25.400884913661],[-80.11055735209,25.3937501337094],[-80.1101502957904,25.3874544664644],[-80.1106152359337,25.3825686631764],[-80.1136483301169,25.372762001998],[-80.1164606749971,25.3669542911895],[-80.1226688187379,25.357820563958],[-80.1260110196171,25.3546187183218],[-80.1311140397257,25.3511437957888],[-80.131552069038,25.34675598397],[-80.1333641955449,25.3392972532427],[-80.1404235765608,25.3265397729947],[-80.1434737001068,25.32330087552],[-80.1476049344191,25.3196560528974],[-80.1502510307847,25.3141552247744],[-80.2242525748206,25.3351313558267],[-80.2427505277427,25.3395482586118],[-80.2476505573432,25.3412511604458],[-80.2508769483143,25.3419971742574],[-80.2535769049693,25.3445970018912],[-80.2553769284743,25.3488968530813],[-80.2564769865067,25.3506968832015],[-80.2620399907532,25.3538427087861],[-80.2654784326403,25.3543014261188]],[[-80.2596101691822,25.3751428165896],[-80.26519788093725,25.354400125667535],[-80.2576271157346,25.3825024327777],[-80.2596101691822,25.3751428165896]],[[-80.2476929623162,25.3978193890592],[-80.2538436183704,25.3938319123693],[-80.2416381762657,25.4017441941609],[-80.2476929623162,25.3978193890592]],[[-80.2389579043935,25.398356391958],[-80.2409969857654,25.4009337692516],[-80.2416381762657,25.4017441941609],[-80.2389579043935,25.398356391958]],[[-80.221869635426,25.409827518516],[-80.2247248586914,25.406256735385],[-80.2134896743487,25.4203060261696],[-80.221869635426,25.409827518516]],[[-80.29250572659,25.7306019275304],[-80.2924832255888,25.7300414039911],[-80.288382784626,25.7301912424329],[-80.288344448123,25.7315281196194],[-80.2884956579415,25.7311300877537],[-80.292522249303,25.7309536612769],[-80.2925599713584,25.731989895121],[-80.2929820924054,25.731975952834],[-80.2930037031762,25.7325267548745],[-80.2925906236725,25.7326806322825],[-80.2936771440935,25.7326482445087],[-80.2937183556547,25.7337706283056],[-80.2988170409429,25.7335765416283],[-80.2986306818439,25.7298102650503],[-80.2935653694177,25.7300061572375],[-80.293570795242,25.7305659113525],[-80.2931069267888,25.7305778460724],[-80.2935445195199,25.7309646418632],[-80.2931222125217,25.7309784968709],[-80.2931383453659,25.7313967812277],[-80.29356218489,25.7313802638765],[-80.2934313326924,25.7318059157129],[-80.2934197507135,25.7315168833662],[-80.2929778325943,25.7315403609434],[-80.2929325952332,25.7305867178057],[-80.29250572659,25.7306019275304]],[[-80.289560517286,25.7315455748553],[-80.289574834635,25.7320119111292],[-80.2897206671382,25.7320071196576],[-80.289560517286,25.7315455748553]],[[-80.290150759835,25.7319929653534],[-80.2901346494487,25.7315411531861],[-80.2899782177234,25.7315403908852],[-80.290150759835,25.7319929653534]],[[-80.3008819560657,25.7334979078015],[-80.3008059478129,25.7315946461467],[-80.2997032056145,25.7316437756828],[-80.2997963276718,25.7335392955233],[-80.3008819560657,25.7334979078015]],[[-80.2949684866875,25.7258285089891],[-80.2947978022919,25.7258312079231],[-80.2948109482378,25.7262096674587],[-80.2949684866875,25.7258285089891]],[[-80.2974720895877,25.7261207250887],[-80.2974079067573,25.724217598646],[-80.2963802610217,25.7242588123647],[-80.2964532042228,25.7261547526099],[-80.2974720895877,25.7261207250887]],[[-80.2923168737678,25.7252066632552],[-80.2923394565157,25.7255604070217],[-80.2930710489747,25.7255370464182],[-80.2930578149939,25.7251750932461],[-80.2923168737678,25.7252066632552]],[[-80.2917513187194,25.7245695584553],[-80.2917626671364,25.7248972824694],[-80.2922920820626,25.7248728567205],[-80.29227728142,25.7245510485071],[-80.2917513187194,25.7245695584553]],[[-80.4650938310009,25.4845835263341],[-80.4650533870502,25.4818640490724],[-80.4670865673889,25.4818415255304],[-80.4670810777842,25.4813679909036],[-80.4690711192264,25.4813313554287],[-80.4690662647306,25.4808838757632],[-80.4711265211903,25.4808619942983],[-80.4711482146061,25.4827019623833],[-80.4723257226873,25.4826994963668],[-80.4723256750766,25.4835788514495],[-80.4732987688199,25.4835742673358],[-80.4733860859638,25.4881455781846],[-80.4760507262518,25.4881135895325],[-80.4760620279563,25.4890467263739],[-80.4775505336872,25.4890414613295],[-80.4775609388731,25.4899247303255],[-80.4795830025602,25.489916523468],[-80.4795917386764,25.4917601372449],[-80.4802664659812,25.4917589177089],[-80.4805824977898,25.4899097486138],[-80.4836011811991,25.4899057866821],[-80.4835857113116,25.4917525865],[-80.4855877174151,25.4917487884232],[-80.4856175136348,25.4889789992184],[-80.4938255677095,25.4889790892262],[-80.4938397682775,25.4905194620663],[-80.4970276269127,25.4904815011748],[-80.4970359480072,25.4916671662316],[-80.4978725903538,25.4916603006595],[-80.4979163544778,25.4989330747071],[-80.5039546806973,25.4989014343332],[-80.5039107961991,25.4916081605717],[-80.5079416096425,25.4915735529428],[-80.5078711574697,25.4860819581904],[-80.5058619046568,25.4860997363624],[-80.5058404726508,25.4842693541797],[-80.4937833370096,25.4843598787189],[-80.4936498329854,25.4715872194829],[-80.4956523663999,25.4715596333883],[-80.4956392527934,25.469707914387],[-80.5016300877787,25.4696239107002],[-80.5016067369712,25.4660260836312],[-80.5056610431559,25.4659954045939],[-80.5056239032088,25.4623464882134],[-80.501567528204,25.4623783953148],[-80.5015645547804,25.4476852315499],[-80.4933882570494,25.4477336885524],[-80.4933435622707,25.4404894227817],[-80.4913316935638,25.4404771378562],[-80.4912995796907,25.4332486396393],[-80.4834167867157,25.4333159106041],[-80.4834326428788,25.4347361805857],[-80.4852331990848,25.4347325478254],[-80.4852637283298,25.4405087806224],[-80.4802480639926,25.4405213932724],[-80.4802402019373,25.4386898325141],[-80.4791965554098,25.4386964958711],[-80.4792002789267,25.440522812885],[-80.4773910908091,25.4405252659755],[-80.4758322137538,25.4332124405726],[-80.4606007418174,25.4332052390492],[-80.4605987044383,25.4185598989133],[-80.4421920859262,25.4186191440438],[-80.4421778637986,25.422287806735],[-80.4401635615555,25.4222898447958],[-80.4401502332517,25.4259567812777],[-80.4360147409248,25.4259586902789],[-80.4360242181511,25.4348627454644],[-80.4320584310562,25.434877821646],[-80.4320765366007,25.4406713318484],[-80.4038602819483,25.4407536797929],[-80.4039269854514,25.4778904822709],[-80.4048218071874,25.4778824221856],[-80.4048644780617,25.4803748263695],[-80.4120554478936,25.4802974538843],[-80.4123524129603,25.4996033844018],[-80.4142083197608,25.4995867376844],[-80.4142044893445,25.4992428739293],[-80.4151215264174,25.4991792106334],[-80.4154476094757,25.497852153476],[-80.4168799219922,25.4963982005424],[-80.4178881443547,25.4939613083794],[-80.4199229820852,25.4911897822127],[-80.4281183160155,25.4842088836231],[-80.432685912367,25.4812533875235],[-80.4548643357716,25.481012018855],[-80.4549074845496,25.482829449934],[-80.456934013762,25.4828158110358],[-80.456896552218,25.480991180275],[-80.4589294837235,25.4809795149829],[-80.458974896256,25.4846319376624],[-80.4650938310009,25.4845835263341]],[[-80.1538843765458,25.7004117701896],[-80.1615916953081,25.7004000550414],[-80.1605363625971,25.702330812131],[-80.1628115122425,25.7023266929141],[-80.162806558932,25.7004032547915],[-80.1716405833512,25.7004074493536],[-80.1806074712958,25.6842743152271],[-80.1711823697927,25.6814404483123],[-80.1539426745127,25.6831902779294],[-80.1549245897122,25.6874051997569],[-80.1550708938309,25.6921685449597],[-80.1545031441983,25.6955970644894],[-80.1545698297351,25.6971721393418],[-80.1538843765458,25.7004117701896]],[[-80.1378618903909,25.7593119711477],[-80.1380070994633,25.7629483690174],[-80.143215182036,25.762891335325],[-80.1429257565296,25.7591132591932],[-80.1378618903909,25.7593119711477]]],[[[-80.2253784162982,25.8977176254824],[-80.2213861828014,25.8978721555195],[-80.2211995524112,25.8942422551307],[-80.2252211437499,25.8940861663124],[-80.2253784162982,25.8977176254824]]],[[[-80.1427937868278,25.7626032369722],[-80.1415919676401,25.7626532444229],[-80.1415314418512,25.7616427430827],[-80.1421332017005,25.7616180028916],[-80.1421075709688,25.7611943299585],[-80.1415124299065,25.7612234066631],[-80.1414940943933,25.7608156808755],[-80.1427270752399,25.7610251663393],[-80.1427937868278,25.7626032369722]]],[[[-80.1926734050369,25.9375916601581],[-80.1906652912878,25.9376820796025],[-80.1905869051945,25.9358508737978],[-80.1946345072522,25.9356600406373],[-80.194673985514,25.9365662720299],[-80.1926424670585,25.9366620910246],[-80.1926734050369,25.9375916601581]]],[[[-80.2710816338008,25.705032272974],[-80.2669581294915,25.7051803775839],[-80.2668840391418,25.7023715752914],[-80.2683190762486,25.7023189425695],[-80.268385002709,25.7045433015156],[-80.2690015955402,25.7045267909578],[-80.2687144221102,25.6923787763308],[-80.2699230181884,25.6901619177769],[-80.2848515377869,25.6896226665715],[-80.2854008836342,25.7044521210857],[-80.2792553614519,25.704702422931],[-80.2792840024381,25.7054619350469],[-80.2772146271799,25.7055407646714],[-80.2772114076179,25.7047855907335],[-80.2720590448474,25.7049850523838],[-80.2720129343239,25.7031102149378],[-80.2710470558489,25.7031366023566],[-80.2710816338008,25.705032272974]]],[[[-80.1390960785732,25.7617995397898],[-80.1381749379961,25.7618479109108],[-80.139090812649,25.7616605676672],[-80.1390960785732,25.7617995397898]]],[[[-80.1420329254603,25.7599552180365],[-80.1420168114807,25.7596874770322],[-80.1414444301345,25.7597213298972],[-80.1414346627524,25.7594157953661],[-80.1425856768209,25.7593231036416],[-80.1427111651779,25.7607547587323],[-80.1414873579269,25.7606700823868],[-80.1414565484077,25.7599899939431],[-80.1420329254603,25.7599552180365]]],[[[-80.1609610213848,25.9521541438341],[-80.1607823428814,25.9491616912],[-80.1629708688823,25.9490307767386],[-80.1632033753357,25.9479954324283],[-80.1651490364096,25.9479143222362],[-80.1650289289611,25.9460134073753],[-80.1627663359668,25.9460833974911],[-80.1626585794552,25.9442704166443],[-80.1803361028249,25.9436170128321],[-80.1805974829282,25.9438545804905],[-80.1788075412156,25.9455158071962],[-80.1795941375194,25.9452437678051],[-80.1799117934819,25.9454842329009],[-80.1830486682333,25.945331559335],[-80.1850043311495,25.946718355201],[-80.187088574424,25.9433183863171],[-80.1888641134477,25.9432385831392],[-80.1887502672568,25.9414513734411],[-80.1821518073216,25.9417156982114],[-80.1820036257239,25.9380858355162],[-80.1825683947464,25.9380658087127],[-80.1825458452361,25.9376131063973],[-80.1805822708572,25.9376976173704],[-80.180527582321,25.9363118963429],[-80.1744436612109,25.9365437091706],[-80.1743720744659,25.934727842872],[-80.1723823438409,25.9348057323694],[-80.1722376602829,25.931181382147],[-80.1702120572336,25.9312315284192],[-80.1700267850961,25.925647042914],[-80.1760525097488,25.9254159422328],[-80.1762003598682,25.9290960176932],[-80.1803702621619,25.9289251874108],[-80.1803412780193,25.9316851859218],[-80.1823342856985,25.931620099099],[-80.1823657626661,25.9325422780945],[-80.1864041237545,25.9323526529878],[-80.1864341472479,25.9332419851821],[-80.1884698940734,25.9331873682656],[-80.1888892968183,25.941339524258],[-80.1894455821513,25.9413106541766],[-80.1929560581444,25.9386442031752],[-80.1967946509816,25.9371501275286],[-80.1984094679263,25.9361321765615],[-80.1995796771957,25.9351365125345],[-80.1992589310286,25.93481560104],[-80.1994387360192,25.9346616630946],[-80.1997644363952,25.934980716153],[-80.2015064278345,25.9335106819143],[-80.2006047402749,25.933553338365],[-80.2005166928006,25.9317495965224],[-80.2020831507385,25.931684807839],[-80.2018894425222,25.9323232273163],[-80.2026044808271,25.9325761509986],[-80.2036240309454,25.9316231350738],[-80.2051639292936,25.9315588463925],[-80.1984337201931,25.9372191555335],[-80.1935206897247,25.9389351244404],[-80.1905062769061,25.9411388948579],[-80.1928793312394,25.9411936761112],[-80.1946782237655,25.9425577917841],[-80.1959221065664,25.9428872278245],[-80.2010836438309,25.9427009474804],[-80.2015709601096,25.9573596740884],[-80.197672746087,25.9575711166898],[-80.1986097158778,25.9603220223103],[-80.1981369253573,25.9624154854965],[-80.1983601854514,25.9710402303997],[-80.1980048253998,25.9730609203406],[-80.1477745920403,25.9744410637363],[-80.1470396111361,25.9494196271498],[-80.1505815380457,25.9377344220155],[-80.156328251361,25.9373848985972],[-80.1566782969795,25.9462869159362],[-80.1587759997118,25.9462164065454],[-80.1588594999141,25.947902003117],[-80.1567754174381,25.9479775785623],[-80.1568007346578,25.9486691406648],[-80.1589037940442,25.9486007231663],[-80.1590697856407,25.9517127821147],[-80.1569481805352,25.951786766306],[-80.1571081561143,25.9546147287981],[-80.1586023365028,25.9557981810169],[-80.158690902305,25.9571455794454],[-80.1620438146956,25.956586927166],[-80.1621291600375,25.953532555985],[-80.1617046674382,25.9523730446496],[-80.1609610213848,25.9521541438341]]],[[[-80.1783333053057,25.9106503431924],[-80.1784236048564,25.9124083744584],[-80.1794437568459,25.9123701325489],[-80.1793587896947,25.9106085212117],[-80.1884115943098,25.9102669158994],[-80.1881684167691,25.9066844829917],[-80.1912323123868,25.9065422030963],[-80.1910323932186,25.9029046479457],[-80.1931561327211,25.9028062577144],[-80.1931322294497,25.9023189072895],[-80.1938185935308,25.9022904728971],[-80.1937583147786,25.9009213998644],[-80.1930653956909,25.9009564180143],[-80.1929772260458,25.8991240897695],[-80.1990369070162,25.8988370121353],[-80.1989221122044,25.8956507867847],[-80.1982363877238,25.8956793254078],[-80.198213021645,25.8952833624059],[-80.198897163294,25.8951788119898],[-80.1987930350778,25.8924400639811],[-80.2028874294804,25.8922495718992],[-80.2033599963205,25.9022771793234],[-80.2073633329942,25.9021068693682],[-80.2075290155703,25.9057643505087],[-80.2116280533646,25.9055726153397],[-80.2112702543869,25.8982791872473],[-80.2193211787454,25.8979588954406],[-80.2193840410523,25.8993271212194],[-80.2274287535606,25.8990063433607],[-80.2274637141948,25.899855807987],[-80.2254694973832,25.8999283984638],[-80.2255269419507,25.9013793024649],[-80.2275240109133,25.9013112009433],[-80.2279843166481,25.9124931766098],[-80.208421693926,25.9288225265753],[-80.2083604458916,25.9278001087052],[-80.1842504631664,25.9287653304431],[-80.1837467858715,25.9186249200364],[-80.1827627856823,25.9186525635393],[-80.182697603027,25.9177372413293],[-80.1817154407909,25.9177750314618],[-80.1816670224954,25.9168561926131],[-80.1796638431922,25.9169437418973],[-80.1795314054682,25.9141558304063],[-80.1634681753253,25.9148099462136],[-80.163113873489,25.9076010820352],[-80.1751325109304,25.9071955433976],[-80.1754177152533,25.9125249132659],[-80.1764289317006,25.9124861276096],[-80.1764643109498,25.911581003063],[-80.1765083544498,25.912411951481],[-80.1774283065559,25.9123728078428],[-80.1773272478831,25.9106877978466],[-80.1783333053057,25.9106503431924]]],[[[-80.2612653752803,25.7645012659451],[-80.2609023957184,25.7562328370021],[-80.2629510944537,25.7562022105179],[-80.2629878840578,25.7571637249562],[-80.2712205411915,25.7568818878068],[-80.2714020727441,25.7623583545215],[-80.2703765829652,25.7623963795839],[-80.2704485002902,25.7642069356179],[-80.2612653752803,25.7645012659451]]],[[[-80.1403380371828,25.7603675372741],[-80.1403236623416,25.7594103577621],[-80.1411950569133,25.759411114221],[-80.1412606869296,25.7608201499975],[-80.140382588231,25.760851938686],[-80.140345676456,25.7604930250314],[-80.1408021140451,25.7604752520502],[-80.1403380371828,25.7603675372741]]],[[[-80.1966445945999,25.9355810982779],[-80.1964849972116,25.9319148920473],[-80.1985179412934,25.9318212625545],[-80.1986592723388,25.9355093537484],[-80.1966445945999,25.9355810982779]]],[[[-80.1593999272874,25.8129717768505],[-80.1607715280638,25.8431789640568],[-80.1505049800239,25.8434679984524],[-80.1593999272874,25.8129717768505]]],[[[-80.2864454096123,25.7321608391287],[-80.2870110940181,25.7321088386482],[-80.2870239947239,25.7324286591672],[-80.2864593200245,25.7324384492391],[-80.2864454096123,25.7321608391287]]],[[[-80.1380936126151,25.7597772753296],[-80.1390137515707,25.7597340569798],[-80.1390563972922,25.7609033400356],[-80.138126230443,25.7607303508707],[-80.1380936126151,25.7597772753296]]],[[[-80.1937711148731,25.8844967051003],[-80.1930966840122,25.8842916785711],[-80.191230042344,25.8864376446043],[-80.1909015491059,25.8864611440332],[-80.191097952268,25.8861491137139],[-80.1879905961569,25.8812441762899],[-80.1871110583572,25.8801003098509],[-80.1869069503449,25.8802132686227],[-80.1842024598926,25.8759219725293],[-80.1820153945525,25.8738044458039],[-80.1897466516204,25.873492390934],[-80.189734033884,25.8730854798575],[-80.1937336497358,25.8729555777466],[-80.1940704946112,25.8808487088002],[-80.20873902919,25.8801882016159],[-80.2085471957577,25.8765515606473],[-80.2026253963019,25.8766662734745],[-80.2023490942834,25.8694384243763],[-80.2018017921033,25.8694534716078],[-80.2015344022708,25.8620956633009],[-80.2035479130981,25.8620283167505],[-80.2033921003121,25.8582240206926],[-80.2054618825071,25.8581727714889],[-80.2053245588462,25.8545505052764],[-80.207637382038,25.854353096866],[-80.1971137015787,25.8531512344798],[-80.1969250782761,25.8479071221889],[-80.2095575291611,25.8476115413438],[-80.2093773316067,25.8396150431857],[-80.2255708533984,25.8390481647624],[-80.2252621886735,25.8317355229757],[-80.2253053590111,25.8307956769485],[-80.2257671406779,25.8307848972281],[-80.2257361712584,25.8299089672732],[-80.2252094809225,25.82993780073],[-80.2251345308851,25.828025435194],[-80.2287757890072,25.8278962363637],[-80.2280664271566,25.8113242562109],[-80.24030594236,25.8109634872803],[-80.2402540089568,25.8095450984236],[-80.258510419272,25.8090118921598],[-80.258560719538,25.8104230471187],[-80.2565616859599,25.8104742272397],[-80.2568262685571,25.817849219939],[-80.2557970992788,25.817882644602],[-80.2558733689414,25.8197535713131],[-80.254850442056,25.8197885674251],[-80.2549252178203,25.8216531228083],[-80.2559251505293,25.8216216204966],[-80.2560033794175,25.8234832675559],[-80.2529746887759,25.8235727943733],[-80.2531808458453,25.8281425432174],[-80.257270838503,25.8280194064305],[-80.2582286213606,25.8483786593265],[-80.2598723963967,25.8483211857175],[-80.2602957265761,25.8706228027918],[-80.2590534266067,25.8706534376956],[-80.2596701308291,25.8893538801657],[-80.2433251521822,25.8900111770018],[-80.2435957777463,25.897270411218],[-80.2273714284691,25.8976207865237],[-80.2270738264969,25.890831686544],[-80.2264400749454,25.8908537603313],[-80.2264354046043,25.8904039048779],[-80.2270541542905,25.8903788303367],[-80.2267352469747,25.8831005747632],[-80.2094225986122,25.8838025536706],[-80.2095086644029,25.8856081829683],[-80.2025634700395,25.8859156282791],[-80.2024740652109,25.8841135872208],[-80.1937711148731,25.8844967051003]]],[[[-80.1392392826059,25.7600053584765],[-80.1392291289483,25.7597278483707],[-80.1400818286806,25.7595565532534],[-80.1401117174267,25.7600994137136],[-80.1392392826059,25.7600053584765]]],[[[-80.1810309865281,25.8578698762615],[-80.1810807082791,25.8590662624985],[-80.1711902875437,25.8593492260474],[-80.1712185701021,25.860171662316],[-80.1464801457671,25.860878115912],[-80.148335221626,25.8525517376774],[-80.1524044874551,25.8561791555356],[-80.1844453993797,25.8552083482334],[-80.184479627887,25.8564240753337],[-80.183974790867,25.8564349958021],[-80.1840116963538,25.8577864091079],[-80.1810309865281,25.8578698762615]]],[[[-80.1402411646592,25.7625597251657],[-80.1393419178221,25.7624678327863],[-80.1393117694628,25.7617766539299],[-80.1401963899305,25.7617366611055],[-80.1402111474539,25.7620076594945],[-80.1397669503089,25.762170970823],[-80.1402188549991,25.7621505137373],[-80.1402411646592,25.7625597251657]]],[[[-80.1413367517763,25.7620985635972],[-80.1413305354345,25.7626725081105],[-80.1404675535855,25.7626866741314],[-80.1404295180181,25.7621406662455],[-80.1413367517763,25.7620985635972]]],[[[-80.1408482272636,25.7614293567419],[-80.1408621798965,25.7617065457305],[-80.1413235375585,25.7618237031044],[-80.1404079943838,25.7617276784336],[-80.1404009956095,25.7610911480514],[-80.1412712726769,25.7610642152588],[-80.1413033604989,25.7614082272218],[-80.1408482272636,25.7614293567419]]],[[[-80.1390855332501,25.7615237490264],[-80.1381616492181,25.7614265453517],[-80.1382184964059,25.761180128971],[-80.1390722723199,25.7612033215701],[-80.1390855332501,25.7615237490264]]],[[[-80.1401632420965,25.7611450281809],[-80.1401812901489,25.761460328144],[-80.1392933513046,25.7613550890956],[-80.1393451346891,25.7611263516049],[-80.1401632420965,25.7611450281809]]],[[[-80.1382121866393,25.7627116851231],[-80.1381837558589,25.7621257566623],[-80.1391066068284,25.7620773953629],[-80.1386576557988,25.7622412761508],[-80.1391222545823,25.7624878553703],[-80.1382121866393,25.7627116851231]]],[[[-80.2580949646228,25.9113022863151],[-80.2761801156206,25.9106721894528],[-80.2750274836863,25.8816479145069],[-80.2872566242465,25.8813308912518],[-80.2878595231595,25.8958518322071],[-80.2898849492408,25.8957917787487],[-80.2919430892697,25.8941993921237],[-80.2927023246865,25.9132436382082],[-80.2582891246916,25.9147923903132],[-80.2580949646228,25.9113022863151]]]]}},{"type":"Feature","properties":{"id":"virginia-gardens","name":"Virginia Gardens","source":"municipality"},"geometry":{"type":"Polygon","coordinates":[[[-80.28917,25.807599],[-80.30314012198347,25.807160437924935],[-80.303264,25.806913],[-80.304611,25.806806],[-80.3051176779203,25.8063642565364],[-80.3052886012677,25.8116818167767],[-80.289286,25.811679],[-80.28917,25.807599]]]}},{"type":"Feature","properties":{"id":"west-miami","name":"West Miami","source":"municipality"},"geometry":{"type":"Polygon","coordinates":[[[-80.29190227026197,25.75615509324345],[-80.291878,25.755197],[-80.2956293996999,25.7550901929126],[-80.295615,25.754737],[-80.293628030502,25.7547952195015],[-80.293605,25.754131],[-80.29560355861044,25.75408607735391],[-80.2955763434026,25.7534294218927],[-80.2943160717377,25.7534637312489],[-80.2942580666215,25.7521618110596],[-80.2955395627816,25.7521323348698],[-80.2955722003725,25.7531338035579],[-80.29757120152847,25.75306450658764],[-80.2975641857689,25.7520829621747],[-80.299569,25.752029],[-80.2995319040763,25.750080526983],[-80.301548,25.750007],[-80.301408,25.74806],[-80.303543,25.748018],[-80.303901,25.763099],[-80.2878538673665,25.7635675537938],[-80.287573,25.756292],[-80.29190227026197,25.75615509324345]]]}},{"type":"Feature","properties":{"id":"biscayne-gardens","name":"Biscayne Gardens","source":"census_place"},"geometry":{"type":"Polygon","coordinates":[[[-80.227981,25.912488],[-80.208427,25.928813],[-80.208329,25.927794],[-80.184244,25.928755],[-80.183754,25.918618],[-80.182762,25.918642],[-80.182695,25.917735],[-80.18172,25.91777],[-80.181674,25.91685],[-80.179653,25.916933],[-80.179518,25.914138],[-80.163474,25.914804],[-80.163112,25.907599],[-80.175144,25.90719],[-80.175417,25.912523],[-80.177433,25.912441],[-80.177333,25.910681],[-80.178391,25.910594],[-80.17844,25.912408],[-80.179448,25.912359],[-80.179355,25.910512],[-80.188411,25.910273],[-80.188193,25.906676],[-80.19123,25.906538],[-80.191035,25.902899],[-80.193148,25.902818],[-80.193124,25.902298],[-80.193886,25.902267],[-80.193823,25.900919],[-80.193076,25.900955],[-80.192976,25.899113],[-80.199039,25.89884],[-80.198917,25.895642],[-80.198234,25.895675],[-80.19821,25.895279],[-80.198891,25.89516],[-80.198784,25.892441],[-80.202876,25.892236],[-80.203368,25.902276],[-80.207362,25.902099],[-80.207545,25.905761],[-80.211624,25.905558],[-80.211278,25.898268],[-80.219316,25.897952],[-80.219372,25.899422],[-80.227433,25.899095],[-80.227465,25.899851],[-80.225387,25.899965],[-80.22546,25.901376],[-80.227543,25.901318],[-80.227981,25.912488]]]}},{"type":"Feature","properties":{"id":"brownsville","name":"Brownsville","source":"census_place"},"geometry":{"type":"Polygon","coordinates":[[[-80.257372,25.830783],[-80.225296,25.831699],[-80.225301,25.830792],[-80.225765,25.830781],[-80.225737,25.829914],[-80.225213,25.829935],[-80.225136,25.828092],[-80.228772,25.827947],[-80.228104,25.812135],[-80.246569,25.812333],[-80.249849,25.812032],[-80.255863,25.810716],[-80.25658,25.810974],[-80.256828,25.817845],[-80.255794,25.817878],[-80.255871,25.819748],[-80.254855,25.819787],[-80.254927,25.821653],[-80.25593,25.821614],[-80.256008,25.823474],[-80.252981,25.823567],[-80.252984,25.823915],[-80.253183,25.828131],[-80.257209,25.828013],[-80.257372,25.830783]]]}},{"type":"Feature","properties":{"id":"coral-terrace","name":"Coral Terrace","source":"census_place"},"geometry":{"type":"Polygon","coordinates":[[[-80.32096,25.760355],[-80.320598,25.762415],[-80.303901,25.763099],[-80.303543,25.748018],[-80.301408,25.74806],[-80.301548,25.750007],[-80.299528,25.750086],[-80.299569,25.752029],[-80.297568,25.752089],[-80.297581,25.753064],[-80.295556,25.753145],[-80.295561,25.75222],[-80.294254,25.752169],[-80.294312,25.753454],[-80.295578,25.753418],[-80.295607,25.754086],[-80.293605,25.754131],[-80.293627,25.754787],[-80.295615,25.754737],[-80.295638,25.7551],[-80.291878,25.755197],[-80.291906,25.756155],[-80.287573,25.756292],[-80.28652,25.73404],[-80.318303,25.732969],[-80.319355,25.738408],[-80.319903,25.754636],[-80.32096,25.760355]]]}},{"type":"Feature","properties":{"id":"country-club","name":"Country Club","source":"census_place"},"geometry":{"type":"Polygon","coordinates":[[[-80.326712,25.957118],[-80.310772,25.95717],[-80.294839,25.956713],[-80.293174,25.925024],[-80.320066,25.924525],[-80.321861,25.924106],[-80.323032,25.923459],[-80.324209,25.922244],[-80.324866,25.920883],[-80.325307,25.921684],[-80.326712,25.957118]]]}},{"type":"Feature","properties":{"id":"country-walk","name":"Country Walk","source":"census_place"},"geometry":{"type":"Polygon","coordinates":[[[-80.456276,25.639586],[-80.41473,25.641065],[-80.414567,25.626306],[-80.455641,25.625094],[-80.456276,25.639586]]]}},{"type":"Feature","properties":{"id":"fisher-island","name":"Fisher Island","source":"census_place"},"geometry":{"type":"MultiPolygon","coordinates":[[[[-80.139055,25.760897],[-80.138124,25.760726],[-80.13809,25.759772],[-80.139011,25.759729],[-80.139055,25.760897]]],[[[-80.139082,25.761519],[-80.138163,25.761567],[-80.138157,25.761223],[-80.139024,25.761146],[-80.139082,25.761519]]],[[[-80.139088,25.761655],[-80.138172,25.761843],[-80.138167,25.761704],[-80.139088,25.761655]]],[[[-80.139119,25.762483],[-80.138263,25.762747],[-80.138181,25.762121],[-80.139103,25.762072],[-80.138659,25.762372],[-80.139119,25.762483]]],[[[-80.140109,25.760094],[-80.139241,25.760131],[-80.139226,25.759723],[-80.140079,25.759551],[-80.140109,25.760094]]],[[[-80.140147,25.760846],[-80.13971,25.760909],[-80.139251,25.760403],[-80.140123,25.760365],[-80.140147,25.760846]]],[[[-80.140178,25.761455],[-80.139297,25.761495],[-80.139284,25.761179],[-80.140088,25.761081],[-80.140178,25.761455]]],[[[-80.140238,25.762555],[-80.139344,25.762593],[-80.139309,25.761771],[-80.140193,25.761731],[-80.140208,25.762002],[-80.139764,25.762166],[-80.140216,25.762145],[-80.140238,25.762555]]],[[[-80.141267,25.760797],[-80.140371,25.760836],[-80.140343,25.760488],[-80.140799,25.76047],[-80.140335,25.760362],[-80.140324,25.759404],[-80.141191,25.759404],[-80.141267,25.760797]]],[[[-80.14132,25.761819],[-80.140412,25.761861],[-80.140398,25.761086],[-80.141259,25.761051],[-80.1413,25.761403],[-80.140845,25.761424],[-80.140859,25.761701],[-80.14132,25.761819]]],[[[-80.141352,25.762638],[-80.140491,25.762704],[-80.140426,25.762135],[-80.141334,25.762093],[-80.141352,25.762638]]],[[[-80.142708,25.76075],[-80.141485,25.760665],[-80.141453,25.759985],[-80.14203,25.75995],[-80.142014,25.759682],[-80.141441,25.759716],[-80.141443,25.759392],[-80.142607,25.759335],[-80.142708,25.76075]]],[[[-80.142813,25.762559],[-80.141589,25.762649],[-80.141529,25.761638],[-80.14213,25.761613],[-80.142104,25.761189],[-80.141509,25.761218],[-80.141491,25.76081],[-80.142724,25.76102],[-80.142813,25.762559]]],[[[-80.149087,25.763958],[-80.138676,25.764467],[-80.139141,25.763488],[-80.138695,25.763057],[-80.143195,25.762913],[-80.142929,25.759106],[-80.137853,25.7593],[-80.138007,25.763003],[-80.135323,25.762088],[-80.134653,25.761645],[-80.134694,25.761436],[-80.135136,25.76138],[-80.135828,25.760366],[-80.135768,25.759993],[-80.135906,25.760172],[-80.136268,25.7598],[-80.136092,25.75941],[-80.136709,25.758952],[-80.136631,25.758163],[-80.136854,25.758251],[-80.137087,25.75781],[-80.136858,25.757372],[-80.137104,25.75744],[-80.137279,25.756969],[-80.137199,25.756672],[-80.136174,25.756378],[-80.137206,25.756571],[-80.139468,25.756157],[-80.139792,25.755652],[-80.148821,25.762374],[-80.149087,25.763958]]]]}},{"type":"Feature","properties":{"id":"fountainebleau","name":"Fountainebleau","source":"census_place"},"geometry":{"type":"Polygon","coordinates":[[[-80.375974,25.778073],[-80.374339,25.779835],[-80.367659,25.781303],[-80.363051,25.781756],[-80.331476,25.781577],[-80.32084,25.780661],[-80.320447,25.765365],[-80.320871,25.762398],[-80.360397,25.761549],[-80.360618,25.764221],[-80.358636,25.764302],[-80.358702,25.765186],[-80.360695,25.765113],[-80.360989,25.76875],[-80.374951,25.768343],[-80.375974,25.778073]]]}},{"type":"Feature","properties":{"id":"gladeview","name":"Gladeview","source":"census_place"},"geometry":{"type":"Polygon","coordinates":[[[-80.25811,25.845504],[-80.209696,25.847024],[-80.209505,25.841519],[-80.208917,25.841537],[-80.208908,25.841282],[-80.209476,25.841262],[-80.209401,25.839659],[-80.225567,25.839115],[-80.225296,25.831699],[-80.257372,25.830783],[-80.25811,25.845504]]]}},{"type":"Feature","properties":{"id":"glenvar-heights","name":"Glenvar Heights","source":"census_place"},"geometry":{"type":"Polygon","coordinates":[[[-80.334384,25.7068],[-80.323396,25.71743],[-80.323798,25.717402],[-80.319025,25.722309],[-80.318209,25.724982],[-80.318303,25.732969],[-80.302878,25.733403],[-80.302116,25.714667],[-80.306621,25.714507],[-80.306667,25.710784],[-80.305928,25.710813],[-80.305245,25.696238],[-80.299139,25.696492],[-80.299086,25.695538],[-80.297099,25.695612],[-80.297128,25.696577],[-80.293142,25.696709],[-80.292877,25.690592],[-80.30472,25.691659],[-80.305173,25.692213],[-80.306656,25.692004],[-80.311364,25.692452],[-80.33367,25.691782],[-80.334384,25.7068]]]}},{"type":"Feature","properties":{"id":"goulds","name":"Goulds","source":"census_place"},"geometry":{"type":"Polygon","coordinates":[[[-80.409007,25.566002],[-80.396844,25.566115],[-80.396714,25.574541],[-80.391186,25.56999],[-80.381532,25.570035],[-80.380115,25.570949],[-80.378645,25.570961],[-80.37718,25.570083],[-80.372284,25.569977],[-80.363476,25.568436],[-80.363383,25.564373],[-80.363117,25.562626],[-80.362762,25.562271],[-80.362713,25.559437],[-80.364115,25.559663],[-80.364109,25.559127],[-80.364333,25.559116],[-80.380398,25.558935],[-80.380206,25.551584],[-80.396251,25.551449],[-80.396597,25.551092],[-80.397265,25.551441],[-80.408895,25.551257],[-80.409007,25.566002]]]}},{"type":"Feature","properties":{"id":"homestead-base","name":"Homestead Base","source":"census_place"},"geometry":{"type":"Polygon","coordinates":[[[-80.412211,25.487117],[-80.410185,25.487148],[-80.410245,25.49133],[-80.408233,25.494195],[-80.404978,25.494242],[-80.405068,25.499723],[-80.400734,25.499745],[-80.400652,25.500211],[-80.399791,25.500305],[-80.399642,25.502979],[-80.397654,25.503051],[-80.397651,25.505528],[-80.3989,25.505763],[-80.398861,25.506495],[-80.396909,25.50652],[-80.396729,25.505206],[-80.396111,25.505143],[-80.396221,25.518236],[-80.387883,25.518291],[-80.38786,25.509149],[-80.388217,25.507206],[-80.385854,25.507228],[-80.385886,25.504034],[-80.379804,25.503958],[-80.378932,25.504555],[-80.376391,25.504608],[-80.375559,25.503717],[-80.369617,25.503858],[-80.367615,25.501698],[-80.366896,25.502244],[-80.36612,25.501428],[-80.366842,25.500863],[-80.365241,25.499171],[-80.367661,25.497143],[-80.367657,25.496475],[-80.368573,25.496436],[-80.371667,25.494039],[-80.371615,25.48801],[-80.373621,25.487995],[-80.373629,25.488958],[-80.378079,25.488915],[-80.385185,25.483495],[-80.3857,25.483494],[-80.385637,25.475932],[-80.396012,25.47587],[-80.398287,25.474117],[-80.399555,25.475349],[-80.403404,25.472345],[-80.403761,25.47274],[-80.403768,25.473546],[-80.400781,25.475841],[-80.403907,25.475828],[-80.403937,25.477818],[-80.404818,25.477809],[-80.404863,25.48037],[-80.412067,25.480292],[-80.412211,25.487117]]]}},{"type":"Feature","properties":{"id":"indian-creek","name":"Indian Creek","source":"census_place"},"geometry":{"type":"Polygon","coordinates":[[[-80.142536,25.875763],[-80.14194,25.880478],[-80.140876,25.884726],[-80.135455,25.88318],[-80.132691,25.881966],[-80.130075,25.88011],[-80.131029,25.87807],[-80.12997,25.877877],[-80.1299,25.878188],[-80.129369,25.878195],[-80.129507,25.877248],[-80.130112,25.877224],[-80.130029,25.877769],[-80.131007,25.87787],[-80.132039,25.875699],[-80.133722,25.874132],[-80.135639,25.873089],[-80.13793,25.87243],[-80.14013,25.872318],[-80.141449,25.872907],[-80.142222,25.873938],[-80.142536,25.875763]]]}},{"type":"Feature","properties":{"id":"ives-estates","name":"Ives Estates","source":"census_place"},"geometry":{"type":"Polygon","coordinates":[[[-80.200012,25.957465],[-80.197675,25.957542],[-80.198614,25.960524],[-80.198165,25.962233],[-80.198368,25.970933],[-80.198029,25.973033],[-80.165724,25.973783],[-80.165231,25.968133],[-80.165393,25.965164],[-80.166025,25.962876],[-80.167078,25.961115],[-80.168794,25.959549],[-80.176728,25.95442],[-80.185097,25.94736],[-80.200012,25.957465]]]}},{"type":"Feature","properties":{"id":"kendale-lakes","name":"Kendale Lakes","source":"census_place"},"geometry":{"type":"Polygon","coordinates":[[[-80.431662,25.728577],[-80.391576,25.729888],[-80.389886,25.730242],[-80.389555,25.72988],[-80.38427,25.730155],[-80.383921,25.72356],[-80.38423,25.719615],[-80.383731,25.716019],[-80.383504,25.709464],[-80.38379,25.700931],[-80.384584,25.698266],[-80.388941,25.69168],[-80.389394,25.689301],[-80.389221,25.686131],[-80.429937,25.68497],[-80.431662,25.728577]]]}},{"type":"Feature","properties":{"id":"kendall","name":"Kendall","source":"census_place"},"geometry":{"type":"Polygon","coordinates":[[[-80.389359,25.689941],[-80.388717,25.69215],[-80.384584,25.698266],[-80.383947,25.700187],[-80.383477,25.7075],[-80.383709,25.715147],[-80.382869,25.714919],[-80.382677,25.710779],[-80.382237,25.710204],[-80.346473,25.691853],[-80.342782,25.691411],[-80.311364,25.692452],[-80.306656,25.692004],[-80.305173,25.692213],[-80.304837,25.691754],[-80.309988,25.687556],[-80.313902,25.683707],[-80.318723,25.676791],[-80.341094,25.628907],[-80.348011,25.628743],[-80.348309,25.630019],[-80.349166,25.631105],[-80.352423,25.631187],[-80.359819,25.635628],[-80.362222,25.635649],[-80.365902,25.638438],[-80.368169,25.638559],[-80.375972,25.641727],[-80.376938,25.646113],[-80.38507,25.64598],[-80.384332,25.648934],[-80.38597,25.65349],[-80.385452,25.65839],[-80.385898,25.663106],[-80.387791,25.668369],[-80.388679,25.668415],[-80.389359,25.689941]]]}},{"type":"Feature","properties":{"id":"kendall-west","name":"Kendall West","source":"census_place"},"geometry":{"type":"Polygon","coordinates":[[[-80.447697,25.728013],[-80.431662,25.728577],[-80.429937,25.68497],[-80.446009,25.68445],[-80.447697,25.728013]]]}},{"type":"Feature","properties":{"id":"leisure-city","name":"Leisure City","source":"census_place"},"geometry":{"type":"Polygon","coordinates":[[[-80.461002,25.484584],[-80.439044,25.50669],[-80.421747,25.506909],[-80.420058,25.50746],[-80.419682,25.506886],[-80.41588,25.506892],[-80.41699,25.503503],[-80.417707,25.495442],[-80.418672,25.493199],[-80.420829,25.490775],[-80.428441,25.484302],[-80.433948,25.480839],[-80.43431,25.481232],[-80.454873,25.481011],[-80.454904,25.482826],[-80.45692,25.482824],[-80.456895,25.480998],[-80.458907,25.480975],[-80.458964,25.484637],[-80.461002,25.484584]]]}},{"type":"Feature","properties":{"id":"naranja","name":"Naranja","source":"census_place"},"geometry":{"type":"Polygon","coordinates":[[[-80.440807,25.506679],[-80.429683,25.518093],[-80.412914,25.534793],[-80.412492,25.510367],[-80.414691,25.508539],[-80.41588,25.506892],[-80.419682,25.506886],[-80.420058,25.50746],[-80.421747,25.506909],[-80.440807,25.506679]]]}},{"type":"Feature","properties":{"id":"ojus","name":"Ojus","source":"census_place"},"geometry":{"type":"Polygon","coordinates":[[[-80.185097,25.94736],[-80.176728,25.95442],[-80.168794,25.959549],[-80.167078,25.961115],[-80.166025,25.962876],[-80.165393,25.965164],[-80.165231,25.968133],[-80.165724,25.973783],[-80.147864,25.974408],[-80.147066,25.94985],[-80.150599,25.937734],[-80.156251,25.937331],[-80.156683,25.946281],[-80.158767,25.946211],[-80.158852,25.947896],[-80.156772,25.947973],[-80.156805,25.948664],[-80.158889,25.948597],[-80.159057,25.951708],[-80.156964,25.951758],[-80.156956,25.951986],[-80.157116,25.954629],[-80.1586,25.955793],[-80.1587,25.957141],[-80.160217,25.957078],[-80.160209,25.9567],[-80.162006,25.956683],[-80.162019,25.953508],[-80.161605,25.952384],[-80.160888,25.952256],[-80.160698,25.949037],[-80.163002,25.948955],[-80.163043,25.947901],[-80.16515,25.947809],[-80.164916,25.946006],[-80.162898,25.946069],[-80.162825,25.944262],[-80.180333,25.943611],[-80.180577,25.943832],[-80.179159,25.945134],[-80.178979,25.945645],[-80.182345,25.945266],[-80.185097,25.94736]]]}},{"type":"Feature","properties":{"id":"olympia-heights","name":"Olympia Heights","source":"census_place"},"geometry":{"type":"Polygon","coordinates":[[[-80.359765,25.732522],[-80.327463,25.733291],[-80.318303,25.732969],[-80.31826,25.724362],[-80.319025,25.722309],[-80.323798,25.717402],[-80.323396,25.71743],[-80.334384,25.7068],[-80.334916,25.71674],[-80.358887,25.715757],[-80.359765,25.732522]]]}},{"type":"Feature","properties":{"id":"palm-springs-north","name":"Palm Springs North","source":"census_place"},"geometry":{"type":"Polygon","coordinates":[[[-80.342308,25.942285],[-80.326125,25.942343],[-80.325559,25.927619],[-80.325926,25.928079],[-80.327002,25.927831],[-80.341605,25.927926],[-80.342308,25.942285]]]}},{"type":"Feature","properties":{"id":"palmetto-estates","name":"Palmetto Estates","source":"census_place"},"geometry":{"type":"Polygon","coordinates":[[[-80.380237,25.62741],[-80.354637,25.628546],[-80.341094,25.628907],[-80.345593,25.619128],[-80.347173,25.613923],[-80.378302,25.612604],[-80.378829,25.621798],[-80.380237,25.62741]]]}},{"type":"Feature","properties":{"id":"pinewood","name":"Pinewood","source":"census_place"},"geometry":{"type":"Polygon","coordinates":[[[-80.226737,25.883098],[-80.210586,25.883735],[-80.209687,25.86186],[-80.208409,25.861907],[-80.208152,25.854267],[-80.219626,25.855583],[-80.221111,25.856833],[-80.22602,25.86491],[-80.226737,25.883098]]]}},{"type":"Feature","properties":{"id":"princeton","name":"Princeton","source":"census_place"},"geometry":{"type":"Polygon","coordinates":[[[-80.429208,25.551064],[-80.397265,25.551441],[-80.396597,25.551092],[-80.396251,25.551449],[-80.380206,25.551584],[-80.380398,25.558935],[-80.364333,25.559116],[-80.364109,25.559127],[-80.364115,25.559663],[-80.362713,25.559437],[-80.362564,25.545408],[-80.362794,25.543403],[-80.364535,25.538901],[-80.36646,25.536146],[-80.369649,25.533473],[-80.37304,25.531976],[-80.392223,25.528513],[-80.395312,25.527339],[-80.397463,25.52576],[-80.409319,25.513027],[-80.412492,25.510367],[-80.412511,25.521784],[-80.412978,25.534848],[-80.428425,25.51931],[-80.428387,25.521615],[-80.428932,25.521636],[-80.429208,25.551064]]]}},{"type":"Feature","properties":{"id":"richmond-heights","name":"Richmond Heights","source":"census_place"},"geometry":{"type":"Polygon","coordinates":[[[-80.385396,25.643505],[-80.38507,25.64598],[-80.377181,25.646218],[-80.376671,25.645826],[-80.375972,25.641727],[-80.368169,25.638559],[-80.365902,25.638438],[-80.362222,25.635649],[-80.359819,25.635628],[-80.352423,25.631187],[-80.349166,25.631105],[-80.348309,25.630019],[-80.348102,25.628742],[-80.380237,25.62741],[-80.381225,25.628594],[-80.384127,25.630852],[-80.385085,25.632759],[-80.385327,25.633917],[-80.384944,25.634149],[-80.385396,25.643505]]]}},{"type":"Feature","properties":{"id":"richmond-west","name":"Richmond West","source":"census_place"},"geometry":{"type":"Polygon","coordinates":[[[-80.446984,25.625376],[-80.414567,25.626306],[-80.414558,25.618902],[-80.41383,25.604167],[-80.409733,25.604033],[-80.409303,25.596685],[-80.446019,25.595372],[-80.446984,25.625376]]]}},{"type":"Feature","properties":{"id":"south-miami-heights","name":"South Miami Heights","source":"census_place"},"geometry":{"type":"Polygon","coordinates":[[[-80.413035,25.596561],[-80.389014,25.59733],[-80.389701,25.61219],[-80.378302,25.612604],[-80.377753,25.603257],[-80.376862,25.600549],[-80.374961,25.597883],[-80.37197,25.595376],[-80.368654,25.595831],[-80.368617,25.592562],[-80.368333,25.59218],[-80.360389,25.592166],[-80.358945,25.59273],[-80.358283,25.592602],[-80.358972,25.591564],[-80.364604,25.586002],[-80.365459,25.583789],[-80.36621,25.582712],[-80.372762,25.575996],[-80.372427,25.575687],[-80.377667,25.570351],[-80.378535,25.570951],[-80.380115,25.570949],[-80.381532,25.570035],[-80.390941,25.569954],[-80.391768,25.570264],[-80.396364,25.574387],[-80.398087,25.575023],[-80.403893,25.580348],[-80.404096,25.58185],[-80.40905,25.587849],[-80.409524,25.590252],[-80.412891,25.592819],[-80.413035,25.596561]]]}},{"type":"Feature","properties":{"id":"sunset","name":"Sunset","source":"census_place"},"geometry":{"type":"Polygon","coordinates":[[[-80.382869,25.714919],[-80.334916,25.71674],[-80.33367,25.691782],[-80.344154,25.691403],[-80.347728,25.692321],[-80.382237,25.710204],[-80.382677,25.710779],[-80.382869,25.714919]]]}},{"type":"Feature","properties":{"id":"tamiami","name":"Tamiami","source":"census_place"},"geometry":{"type":"Polygon","coordinates":[[[-80.420284,25.743382],[-80.416235,25.743568],[-80.41703,25.76094],[-80.417282,25.773239],[-80.41706,25.782449],[-80.39626,25.782211],[-80.394541,25.782682],[-80.386039,25.782542],[-80.385952,25.773253],[-80.38427,25.730155],[-80.389555,25.72988],[-80.389886,25.730242],[-80.392134,25.729866],[-80.419689,25.729126],[-80.420284,25.743382]]]}},{"type":"Feature","properties":{"id":"the-crossings","name":"The Crossings","source":"census_place"},"geometry":{"type":"Polygon","coordinates":[[[-80.415821,25.656355],[-80.416552,25.685339],[-80.389221,25.686131],[-80.388679,25.668415],[-80.387791,25.668369],[-80.386176,25.664156],[-80.385531,25.660446],[-80.385521,25.657297],[-80.39023,25.657095],[-80.394303,25.656029],[-80.398502,25.656864],[-80.415821,25.656355]]]}},{"type":"Feature","properties":{"id":"the-hammocks","name":"The Hammocks","source":"census_place"},"geometry":{"type":"Polygon","coordinates":[[[-80.479546,25.680736],[-80.478723,25.683391],[-80.478351,25.68862],[-80.475523,25.68861],[-80.47418,25.688298],[-80.472356,25.6873],[-80.469411,25.68464],[-80.466744,25.683783],[-80.416552,25.685339],[-80.415821,25.656355],[-80.43203,25.655488],[-80.478575,25.653867],[-80.479546,25.680736]]]}},{"type":"Feature","properties":{"id":"three-lakes","name":"Three Lakes","source":"census_place"},"geometry":{"type":"Polygon","coordinates":[[[-80.415821,25.656355],[-80.398502,25.656864],[-80.394303,25.656029],[-80.39023,25.657095],[-80.385521,25.657297],[-80.38597,25.65349],[-80.384332,25.648934],[-80.385396,25.643505],[-80.384944,25.634149],[-80.385309,25.634113],[-80.385239,25.633326],[-80.384127,25.630852],[-80.381225,25.628594],[-80.380237,25.62741],[-80.414567,25.626306],[-80.414622,25.63984],[-80.415576,25.648312],[-80.415821,25.656355]]]}},{"type":"Feature","properties":{"id":"west-little-river","name":"West Little River","source":"census_place"},"geometry":{"type":"Polygon","coordinates":[[[-80.260293,25.870618],[-80.230576,25.871577],[-80.229253,25.870847],[-80.228161,25.869168],[-80.226397,25.86518],[-80.225581,25.86446],[-80.221111,25.856833],[-80.219956,25.855767],[-80.209414,25.854381],[-80.207095,25.854496],[-80.207008,25.854236],[-80.1971,25.853125],[-80.196928,25.847903],[-80.209555,25.847607],[-80.209696,25.847024],[-80.25811,25.845504],[-80.258226,25.848264],[-80.259864,25.84822],[-80.260293,25.870618]]]}},{"type":"Feature","properties":{"id":"west-perrine","name":"West Perrine","source":"census_place"},"geometry":{"type":"Polygon","coordinates":[[[-80.378302,25.612604],[-80.365477,25.613227],[-80.347173,25.613923],[-80.355343,25.596089],[-80.357864,25.596137],[-80.356742,25.598512],[-80.374961,25.597883],[-80.376862,25.600549],[-80.377753,25.603257],[-80.378302,25.612604]]]}},{"type":"Feature","properties":{"id":"westchester","name":"Westchester","source":"census_place"},"geometry":{"type":"Polygon","coordinates":[[[-80.385485,25.761004],[-80.320598,25.762415],[-80.32096,25.759797],[-80.319903,25.754636],[-80.319355,25.738408],[-80.318303,25.732969],[-80.327463,25.733291],[-80.384365,25.732043],[-80.385485,25.761004]]]}},{"type":"Feature","properties":{"id":"westview","name":"Westview","source":"census_place"},"geometry":{"type":"Polygon","coordinates":[[[-80.259672,25.889434],[-80.243332,25.890149],[-80.24362,25.897269],[-80.227372,25.89761],[-80.227061,25.890829],[-80.226437,25.890849],[-80.226433,25.890393],[-80.227043,25.890375],[-80.22602,25.86491],[-80.226397,25.86518],[-80.228161,25.869168],[-80.229253,25.870847],[-80.230576,25.871577],[-80.259052,25.870702],[-80.259672,25.889434]]]}},{"type":"Feature","properties":{"id":"westwood-lakes","name":"Westwood Lakes","source":"census_place"},"geometry":{"type":"Polygon","coordinates":[[[-80.384365,25.732043],[-80.359765,25.732522],[-80.358887,25.715757],[-80.382583,25.714857],[-80.383709,25.715147],[-80.38423,25.719615],[-80.383921,25.72356],[-80.384365,25.732043]]]}}]}